0.000000000000000000e+00,0.000000000000000000e+00,6.463683247566223145e-01,4.725420847535133362e-02,7.017697207629680634e-03,9.675071239471435547e-01,-2.482895702123641968e-01,-3.995008766651153564e-02,-3.532623499631881714e-02,1.309894323348999023e-01,1.300951391458511353e-01,-3.493741899728775024e-02,1.052868552505970001e-03,-1.157988309860229492e-01,4.337751865386962891e-02,3.312079980969429016e-02,1.977049559354782104e-01,1.243665348738431931e-02,6.309922039508819580e-02,-4.975565522909164429e-02,-1.067286729812622070e-01,1.554374098777770996e-01,5.837695673108100891e-02,-1.072515249252319336e+00,-4.336382150650024414e-01,-3.195185214281082153e-03,2.940943241119384766e-01,-9.238240718841552734e-01
-7.208103197626769543e-04,2.809540310408920050e-04,6.463813185691833496e-01,4.703653231263160706e-02,5.856163799762725830e-03,9.665744304656982422e-01,-2.519666254520416260e-01,-4.391101002693176270e-02,-3.153779357671737671e-02,1.221732124686241150e-01,1.331156641244888306e-01,-2.798156253993511200e-02,-8.207346312701702118e-03,-1.167812496423721313e-01,4.491125419735908508e-02,2.623308636248111725e-02,1.996819972991943359e-01,1.284792274236679077e-02,6.524101644754409790e-02,-4.900413006544113159e-02,-8.869387209415435791e-02,1.576534807682037354e-01,5.375558510422706604e-02,-1.096414327621459961e+00,-4.132092297077178955e-01,-1.566323824226856232e-02,2.901996970176696777e-01,-9.492546319961547852e-01
-1.426076982170343399e-03,-2.010367606999352574e-04,6.466165781021118164e-01,4.634459689259529114e-02,5.621313583105802536e-03,9.656326174736022949e-01,-2.556837797164916992e-01,-4.537484049797058105e-02,-3.271668776869773865e-02,1.115642562508583069e-01,1.332236826419830322e-01,-3.059882111847400665e-02,-5.102821160107851028e-03,-1.174048930406570435e-01,4.434320703148841858e-02,2.060214057564735413e-02,2.021752148866653442e-01,9.800273925065994263e-03,6.801174581050872803e-02,-4.529722407460212708e-02,-8.216131478548049927e-02,1.526502221822738647e-01,4.934614896774291992e-02,-1.111665487289428711e+00,-3.980089724063873291e-01,-2.197848819196224213e-02,2.808481454849243164e-01,-9.675376415252685547e-01
-1.811183872632682323e-03,-1.172967837192118168e-03,6.467345952987670898e-01,4.553022980690002441e-02,5.346355028450489044e-03,9.643461108207702637e-01,-2.606434226036071777e-01,-4.784348234534263611e-02,-3.413609787821769714e-02,1.036102846264839172e-01,1.347877681255340576e-01,-3.188069909811019897e-02,-5.749465432018041611e-03,-1.180651262402534485e-01,4.100700467824935913e-02,1.207160856574773788e-02,2.047643959522247314e-01,7.477409671992063522e-03,7.373850792646408081e-02,-4.375797137618064880e-02,-7.743938267230987549e-02,1.498765945434570312e-01,4.152002185583114624e-02,-1.123563885688781738e+00,-3.859453797340393066e-01,-2.866446226835250854e-02,2.787404060363769531e-01,-9.847769737243652344e-01
-2.106312895193696022e-03,-2.369969151914119720e-03,6.468502283096313477e-01,4.425877332687377930e-02,5.192932672798633575e-03,9.633991122245788574e-01,-2.643412649631500244e-01,-5.098937079310417175e-02,-3.581128269433975220e-02,9.913787245750427246e-02,1.366079449653625488e-01,-3.061375021934509277e-02,-1.076641585677862167e-02,-1.185847967863082886e-01,3.909650817513465881e-02,5.176788661628961563e-03,2.064581811428070068e-01,2.224632073193788528e-03,7.460112124681472778e-02,-3.975170105695724487e-02,-7.460726797580718994e-02,1.454111188650131226e-01,3.379894420504570007e-02,-1.129911184310913086e+00,-3.758452236652374268e-01,-3.639001026749610901e-02,2.757023870944976807e-01,-9.960370659828186035e-01
-2.341078361496329308e-03,-3.928028978407382965e-03,6.468772888183593750e-01,4.321138933300971985e-02,5.152762401849031448e-03,9.623817801475524902e-01,-2.681931853294372559e-01,-5.417845770716667175e-02,-3.879020363092422485e-02,9.299408644437789917e-02,1.391101479530334473e-01,-3.189167380332946777e-02,-8.866305463016033173e-03,-1.193622201681137085e-01,3.385176509618759155e-02,-1.908227335661649704e-03,2.098520100116729736e-01,-4.550241574179381132e-04,8.111030608415603638e-02,-3.545125946402549744e-02,-7.624517381191253662e-02,1.376678943634033203e-01,3.047702088952064514e-02,-1.132165551185607910e+00,-3.704436719417572021e-01,-4.743605107069015503e-02,2.631324231624603271e-01,-1.002693176269531250e+00
-2.584485104307532310e-03,-5.783702246844768524e-03,6.471648216247558594e-01,4.225277528166770935e-02,5.256586242467164993e-03,9.614977836608886719e-01,-2.714940607547760010e-01,-5.587253719568252563e-02,-4.200633615255355835e-02,8.807184547185897827e-02,1.401113718748092651e-01,-3.187472745776176453e-02,-8.876225911080837250e-03,-1.186452880501747131e-01,2.971128374338150024e-02,-8.778096176683902740e-03,2.101653665304183960e-01,-1.747130183503031731e-03,8.210188150405883789e-02,-2.827333100140094757e-02,-7.883006334304809570e-02,1.328683346509933472e-01,1.919775642454624176e-02,-1.131581902503967285e+00,-3.619132339954376221e-01,-5.017980560660362244e-02,2.591289281845092773e-01,-1.008786082267761230e+00
-2.967559266835451126e-03,-7.958387024700641632e-03,6.470448374748229980e-01,4.120631888508796692e-02,5.111861974000930786e-03,9.605894088745117188e-01,-2.748523950576782227e-01,-5.797061324119567871e-02,-4.543397575616836548e-02,7.920775562524795532e-02,1.410809308290481567e-01,-2.860838733613491058e-02,-8.151775225996971130e-03,-1.163783073425292969e-01,2.617605216801166534e-02,-1.467528939247131348e-02,2.090521603822708130e-01,-5.052880849689245224e-03,8.210427314043045044e-02,-2.262168936431407928e-02,-8.259051293134689331e-02,1.293313205242156982e-01,1.057706307619810104e-02,-1.131288886070251465e+00,-3.573623895645141602e-01,-5.595240369439125061e-02,2.554829120635986328e-01,-1.014573454856872559e+00
-2.988622291013598442e-03,-1.063907518982887268e-02,6.472458839416503906e-01,3.983014076948165894e-02,5.152572412043809891e-03,9.594638347625732422e-01,-2.789555490016937256e-01,-5.913701280951499939e-02,-4.995767027139663696e-02,7.504290342330932617e-02,1.421764194965362549e-01,-3.351945057511329651e-02,-7.549325935542583466e-03,-1.141350716352462769e-01,2.272621914744377136e-02,-1.947292685508728027e-02,2.075908929109573364e-01,-9.619765914976596832e-03,8.092207461595535278e-02,-2.157136425375938416e-02,-8.705954253673553467e-02,1.239731982350349426e-01,5.851122550666332245e-03,-1.129107832908630371e+00,-3.549782633781433105e-01,-5.944703519344329834e-02,2.418679445981979370e-01,-1.016723036766052246e+00
-3.482158062979578972e-03,-1.349203288555145264e-02,6.470306515693664551e-01,3.888197615742683411e-02,5.200401414185762405e-03,9.585331082344055176e-01,-2.822683751583099365e-01,-5.897387117147445679e-02,-5.453659221529960632e-02,6.767475605010986328e-02,1.423851251602172852e-01,-3.567454218864440918e-02,-6.651903968304395676e-03,-1.098228171467781067e-01,1.661486551165580750e-02,-2.634052373468875885e-02,2.048627436161041260e-01,-1.137589570134878159e-02,8.431605249643325806e-02,-1.809744164347648621e-02,-9.044949710369110107e-02,1.232396587729454041e-01,-1.260718214325606823e-03,-1.127678751945495605e+00,-3.527654707431793213e-01,-6.177381426095962524e-02,2.355798929929733276e-01,-1.019254565238952637e+00
-3.871632041409611702e-03,-1.693045906722545624e-02,6.468958258628845215e-01,3.794374316930770874e-02,5.281666293740272522e-03,9.576077461242675781e-01,-2.855166196823120117e-01,-5.849944800138473511e-02,-5.966050550341606140e-02,6.216132268309593201e-02,1.436187773942947388e-01,-3.824192285537719727e-02,-6.139112636446952820e-03,-1.048370823264122009e-01,1.230098307132720947e-02,-3.159742802381515503e-02,2.012330144643783569e-01,-1.437972486019134521e-02,8.332326263189315796e-02,-1.515543274581432343e-02,-9.467885643243789673e-02,1.227039396762847900e-01,-1.115666422992944717e-02,-1.128103852272033691e+00,-3.532299399375915527e-01,-6.116836145520210266e-02,2.371744662523269653e-01,-1.021706461906433105e+00
-4.425654187798500061e-03,-2.054323814809322357e-02,6.468034982681274414e-01,3.694123029708862305e-02,5.107480101287364960e-03,9.563032388687133789e-01,-2.899884879589080811e-01,-5.767207220196723938e-02,-6.449215859174728394e-02,5.545996129512786865e-02,1.437076628208160400e-01,-4.102508723735809326e-02,-4.316401667892932892e-03,-9.936880320310592651e-02,6.544383242726325989e-03,-3.907369077205657959e-02,1.989284753799438477e-01,-1.759510301053524017e-02,8.542540669441223145e-02,-1.181122101843357086e-02,-1.007520630955696106e-01,1.203529611229896545e-01,-1.881816424429416656e-02,-1.127250075340270996e+00,-3.515093028545379639e-01,-6.040582433342933655e-02,2.343269288539886475e-01,-1.028257369995117188e+00
-5.226091481745243073e-03,-2.462701313197612762e-02,6.467539668083190918e-01,3.575224429368972778e-02,5.150210577994585037e-03,9.555857181549072266e-01,-2.924913167953491211e-01,-5.678552016615867615e-02,-7.000712305307388306e-02,4.986766353249549866e-02,1.449616849422454834e-01,-4.369363561272621155e-02,-4.053541459143161774e-03,-9.833632409572601318e-02,7.822977495379745960e-04,-4.516457393765449524e-02,2.028207331895828247e-01,-2.289475873112678528e-02,8.414918929338455200e-02,-1.074365526437759399e-02,-1.043612658977508545e-01,1.196589693427085876e-01,-2.147864922881126404e-02,-1.128543019294738770e+00,-3.492949903011322021e-01,-6.456044316291809082e-02,2.206556648015975952e-01,-1.029397487640380859e+00
-6.224330514669418335e-03,-2.942060306668281555e-02,6.467361450195312500e-01,3.515073657035827637e-02,4.985612351447343826e-03,9.541378021240234375e-01,-2.972550690174102783e-01,-5.732811987400054932e-02,-7.581362873315811157e-02,3.960635885596275330e-02,1.507216989994049072e-01,-4.520418122410774231e-02,1.159510458819568157e-03,-9.892306476831436157e-02,-4.712696652859449387e-03,-5.279024317860603333e-02,2.151471823453903198e-01,-3.292259946465492249e-02,8.311308920383453369e-02,-1.336299348622560501e-02,-1.068908646702766418e-01,1.184097900986671448e-01,-2.926810458302497864e-02,-1.126296162605285645e+00,-3.493547737598419189e-01,-7.299072295427322388e-02,2.087280452251434326e-01,-1.028269529342651367e+00
-7.623674347996711731e-03,-3.452671319246292114e-02,6.466715335845947266e-01,3.464775532484054565e-02,5.182544700801372528e-03,9.518879652023315430e-01,-3.044372200965881348e-01,-5.701627582311630249e-02,-8.193998038768768311e-02,2.620919421315193176e-02,1.582591384649276733e-01,-5.535136163234710693e-02,-3.106104675680398941e-03,-1.061270460486412048e-01,-1.233463734388351440e-02,-6.254343688488006592e-02,2.405777126550674438e-01,-4.381404817104339600e-02,8.329933136701583862e-02,-1.722414977848529816e-02,-1.113124266266822815e-01,1.210975572466850281e-01,-4.350694641470909119e-02,-1.127053380012512207e+00,-3.456734418869018555e-01,-7.399319857358932495e-02,2.079576104879379272e-01,-1.029560327529907227e+00
-9.438134729862213135e-03,-4.062868654727935791e-02,6.465561985969543457e-01,3.474828228354454041e-02,5.987348500639200211e-03,9.482729434967041016e-01,-3.154918551445007324e-01,-5.741299316287040710e-02,-9.085821360349655151e-02,6.029736250638961792e-03,1.716830730438232422e-01,-7.087720185518264771e-02,-1.108885189751163125e-04,-1.292187124490737915e-01,-2.376159466803073883e-02,-8.102384209632873535e-02,3.009172081947326660e-01,-7.011906802654266357e-02,8.061268925666809082e-02,-3.362881019711494446e-02,-1.222431883215904236e-01,1.183013692498207092e-01,-5.423352494835853577e-02,-1.125165581703186035e+00,-3.458656072616577148e-01,-7.954648882150650024e-02,1.975885182619094849e-01,-1.027393102645874023e+00
-1.167705096304416656e-02,-4.694248363375663757e-02,6.460980772972106934e-01,3.516014665365219116e-02,6.193886045366525650e-03,9.439497590065002441e-01,-3.281527161598205566e-01,-5.564492568373680115e-02,-9.806772321462631226e-02,-2.016701549291610718e-02,1.833633631467819214e-01,-8.335079252719879150e-02,5.204251036047935486e-03,-1.663850098848342896e-01,-3.493047878146171570e-02,-9.602119028568267822e-02,3.758842349052429199e-01,-7.671534270048141479e-02,6.860275566577911377e-02,-5.239835381507873535e-02,-1.297298371791839600e-01,1.162172183394432068e-01,-6.636504083871841431e-02,-1.128139257431030273e+00,-3.395084738731384277e-01,-8.245556056499481201e-02,1.921018660068511963e-01,-1.030256509780883789e+00
-1.646184548735618591e-02,-5.307719483971595764e-02,6.457291245460510254e-01,3.722000494599342346e-02,5.746127106249332428e-03,9.397844672203063965e-01,-3.396863043308258057e-01,-4.507502913475036621e-02,-9.997878968715667725e-02,-4.231805354356765747e-02,1.886776834726333618e-01,-9.344667196273803711e-02,3.599320072680711746e-03,-2.121650576591491699e-01,-3.533940389752388000e-02,-9.853111952543258667e-02,4.549657106399536133e-01,-5.560819432139396667e-02,3.885224461555480957e-02,-7.120095193386077881e-02,-1.318148672580718994e-01,1.202762201428413391e-01,-7.543789595365524292e-02,-1.134620785713195801e+00,-3.332800865173339844e-01,-7.901396602392196655e-02,1.915800720453262329e-01,-1.029968380928039551e+00
-2.077800780534744263e-02,-5.930450186133384705e-02,6.463648080825805664e-01,3.870153427124023438e-02,4.943538457155227661e-03,9.378538727760314941e-01,-3.448302447795867920e-01,-2.559815160930156708e-02,-9.999984502792358398e-02,-6.864736229181289673e-02,1.804728060960769653e-01,-1.032331436872482300e-01,-2.918999083340167999e-02,-2.797677814960479736e-01,-2.960834279656410217e-02,-7.922562211751937866e-02,5.491840839385986328e-01,-5.037980899214744568e-02,6.238435581326484680e-02,-7.931821793317794800e-02,-1.516466587781906128e-01,8.594217151403427124e-02,-2.508389018476009369e-02,-1.101589441299438477e+00,-3.403070271015167236e-01,-4.933643713593482971e-02,1.505603641271591187e-01,-1.006629109382629395e+00
-2.638453803956508636e-02,-6.544823199510574341e-02,6.470745205879211426e-01,4.012034460902214050e-02,3.843630896881222725e-03,9.343306422233581543e-01,-3.541212081909179688e-01,-1.084117125719785690e-02,-9.999999403953552246e-02,-8.643460273742675781e-02,1.780295968055725098e-01,-1.138286516070365906e-01,-1.437629479914903641e-02,-3.363653719425201416e-01,-9.502857923507690430e-03,-6.297542899847030640e-02,6.068121194839477539e-01,-5.276298895478248596e-02,5.103618279099464417e-02,-9.902431815862655640e-02,-1.629543304443359375e-01,7.937460392713546753e-02,-1.954393275082111359e-02,-1.086465597152709961e+00,-3.415883183479309082e-01,-4.506113752722740173e-02,1.554201245307922363e-01,-1.003829956054687500e+00
-3.239715099334716797e-02,-7.138890773057937622e-02,6.480196714401245117e-01,4.065646603703498840e-02,2.169748069718480110e-03,9.306839108467102051e-01,-3.635516762733459473e-01,7.667926838621497154e-04,-9.987179934978485107e-02,-1.117330566048622131e-01,1.759944707155227661e-01,-1.173537522554397583e-01,-3.481565974652767181e-03,-3.708103597164154053e-01,1.201549172401428223e-02,-5.537601187825202942e-02,5.993912220001220703e-01,-3.752632066607475281e-02,6.757155060768127441e-02,-1.152329966425895691e-01,-1.657666414976119995e-01,8.092775940895080566e-02,-1.694156415760517120e-02,-1.079630851745605469e+00,-3.391436338424682617e-01,-3.851010277867317200e-02,1.475824415683746338e-01,-1.003008008003234863e+00
-3.885305300354957581e-02,-7.897295802831649780e-02,6.484110355377197266e-01,4.058089479804039001e-02,1.406337483786046505e-03,9.261589050292968750e-01,-3.749412298202514648e-01,1.383467484265565872e-02,-9.994761645793914795e-02,-1.340124905109405518e-01,1.761809736490249634e-01,-1.227167397737503052e-01,-1.779085258021950722e-03,-4.054829478263854980e-01,2.851687744259834290e-02,-5.164143070578575134e-02,5.764292478561401367e-01,-2.946017496287822723e-02,8.340051025152206421e-02,-1.428780406713485718e-01,-1.667356342077255249e-01,8.202537894248962402e-02,-1.698213629424571991e-02,-1.078174471855163574e+00,-3.393225073814392090e-01,-3.811689093708992004e-02,1.512159854173660278e-01,-1.004761576652526855e+00
-4.602301865816116333e-02,-8.688279986381530762e-02,6.476846933364868164e-01,4.039799049496650696e-02,5.632858374156057835e-04,9.223554134368896484e-01,-3.842240869998931885e-01,2.828498929738998413e-02,-9.998987615108489990e-02,-1.582498103380203247e-01,1.738031059503555298e-01,-1.244516372680664062e-01,8.629526011645793915e-03,-4.368301033973693848e-01,4.012900963425636292e-02,-5.731353908777236938e-02,5.372251272201538086e-01,-2.715809643268585205e-02,9.325993061065673828e-02,-1.665672361850738525e-01,-1.682812869548797607e-01,8.657066524028778076e-02,-1.649400778114795685e-02,-1.075708746910095215e+00,-3.395717144012451172e-01,-4.436643794178962708e-02,1.535508185625076294e-01,-1.005049228668212891e+00
-5.449945852160453796e-02,-9.632854163646697998e-02,6.462692618370056152e-01,4.014648497104644775e-02,6.153773865662515163e-04,9.178574085235595703e-01,-3.948742151260375977e-01,4.822785779833793640e-02,-9.999419003725051880e-02,-1.796479523181915283e-01,1.695564538240432739e-01,-1.325437873601913452e-01,1.233959384262561798e-02,-4.611821770668029785e-01,4.267117753624916077e-02,-7.808261364698410034e-02,4.854458570480346680e-01,-1.716461032629013062e-02,1.036078333854675293e-01,-1.879305392503738403e-01,-1.677471548318862915e-01,8.987687528133392334e-02,-2.374564483761787415e-02,-1.077642440795898438e+00,-3.349754810333251953e-01,-4.749792814254760742e-02,1.624402254819869995e-01,-1.012622237205505371e+00
-6.373318284749984741e-02,-1.069633811712265015e-01,6.441517472267150879e-01,4.049083963036537170e-02,1.503507257439196110e-03,9.128972291946411133e-01,-4.061735272407531738e-01,7.104429602622985840e-02,-9.999546408653259277e-02,-2.008119821548461914e-01,1.666342616081237793e-01,-1.379010975360870361e-01,1.412781700491905212e-02,-4.772431850433349609e-01,4.005202651023864746e-02,-1.074748784303665161e-01,4.259341061115264893e-01,-8.329560980200767517e-03,1.138950437307357788e-01,-2.143119275569915771e-01,-1.659099310636520386e-01,9.285916388034820557e-02,-2.918400056660175323e-02,-1.081382393836975098e+00,-3.298028409481048584e-01,-5.404845625162124634e-02,1.660238951444625854e-01,-1.017849206924438477e+00
-7.368242740631103516e-02,-1.179456859827041626e-01,6.417732834815979004e-01,4.081941768527030945e-02,2.847830532118678093e-03,9.079601168632507324e-01,-4.170540571212768555e-01,1.042158976197242737e-01,-1.000000014901161194e-01,-2.272735834121704102e-01,1.551155894994735718e-01,-1.671738326549530029e-01,1.814183406531810760e-02,-4.883494675159454346e-01,3.748486563563346863e-02,-1.403156220912933350e-01,3.656660616397857666e-01,-1.178734004497528076e-02,1.273472756147384644e-01,-2.383904606103897095e-01,-1.659207493066787720e-01,9.064518660306930542e-02,-3.128113970160484314e-02,-1.085133671760559082e+00,-3.279568552970886230e-01,-5.312910303473472595e-02,1.542996615171432495e-01,-1.022191882133483887e+00
-8.423949778079986572e-02,-1.306764781475067139e-01,6.388048529624938965e-01,4.174922034144401550e-02,5.196324549615383148e-03,9.025026559829711914e-01,-4.286244213581085205e-01,1.373385936021804810e-01,-9.999527782201766968e-02,-2.521897554397583008e-01,1.488845646381378174e-01,-1.866598576307296753e-01,2.186481282114982605e-02,-4.960815906524658203e-01,3.163050487637519836e-02,-1.719385534524917603e-01,3.127368688583374023e-01,-1.404603943228721619e-02,1.382425278425216675e-01,-2.607650160789489746e-01,-1.647133082151412964e-01,8.825967460870742798e-02,-3.800638392567634583e-02,-1.088802933692932129e+00,-3.224729597568511963e-01,-5.436605587601661682e-02,1.550638824701309204e-01,-1.027167081832885742e+00
-9.507664293050765991e-02,-1.445029228925704956e-01,6.347911953926086426e-01,4.238856583833694458e-02,8.397469297051429749e-03,8.968707323074340820e-01,-4.401767253875732422e-01,1.717814505100250244e-01,-9.998269379138946533e-02,-2.724982202053070068e-01,1.421635746955871582e-01,-2.014937251806259155e-01,2.812968753278255463e-02,-5.049490332603454590e-01,2.425851672887802124e-02,-1.916622817516326904e-01,2.715716958045959473e-01,-5.119694396853446960e-03,1.487091481685638428e-01,-2.839304506778717041e-01,-1.659088134765625000e-01,7.951250672340393066e-02,-3.789986670017242432e-02,-1.091652870178222656e+00,-3.183778226375579834e-01,-5.679485574364662170e-02,1.500651240348815918e-01,-1.031384110450744629e+00
-1.066027283668518066e-01,-1.585282087326049805e-01,6.307294964790344238e-01,4.197178408503532410e-02,1.077396981418132782e-02,8.913159370422363281e-01,-4.513072371482849121e-01,2.059624195098876953e-01,-9.997397661209106445e-02,-3.016673624515533447e-01,1.334858238697052002e-01,-2.164709120988845825e-01,3.588747978210449219e-02,-5.105090737342834473e-01,1.804396510124206543e-02,-1.975985616445541382e-01,2.403032034635543823e-01,-7.273433264344930649e-03,1.512788236141204834e-01,-3.066273033618927002e-01,-1.693515777587890625e-01,7.172805815935134888e-02,-3.902854770421981812e-02,-1.093810677528381348e+00,-3.165251612663269043e-01,-5.764568969607353210e-02,1.459241211414337158e-01,-1.036162614822387695e+00
-1.185841634869575500e-01,-1.733683198690414429e-01,6.260007023811340332e-01,4.058320820331573486e-02,1.355895586311817169e-02,8.852307200431823730e-01,-4.631800055503845215e-01,2.348051369190216064e-01,-9.995520114898681641e-02,-3.251978754997253418e-01,1.298050582408905029e-01,-2.215695977210998535e-01,3.767494484782218933e-02,-5.169522166252136230e-01,6.668217480182647705e-03,-1.972449868917465210e-01,2.266210466623306274e-01,-1.193184521980583668e-03,1.448738873004913330e-01,-3.320430815219879150e-01,-1.734688580036163330e-01,6.580560654401779175e-02,-3.602843359112739563e-02,-1.096022009849548340e+00,-3.184358477592468262e-01,-6.006901338696479797e-02,1.382912099361419678e-01,-1.037212014198303223e+00
-1.310931742191314697e-01,-1.895644515752792358e-01,6.214464902877807617e-01,3.792057186365127563e-02,1.666708849370479584e-02,8.776921033859252930e-01,-4.774315059185028076e-01,2.657026946544647217e-01,-9.993448108434677124e-02,-3.575884103775024414e-01,1.290786713361740112e-01,-2.474207133054733276e-01,4.858245700597763062e-02,-5.175738334655761719e-01,-6.198676303029060364e-03,-1.687110066413879395e-01,2.305101603269577026e-01,1.303753815591335297e-02,1.418036967515945435e-01,-3.610770404338836670e-01,-1.777748316526412964e-01,6.271991133689880371e-02,-4.012137278914451599e-02,-1.101284742355346680e+00,-3.207980394363403320e-01,-6.890422105789184570e-02,1.369130760431289673e-01,-1.041820883750915527e+00
-1.463086009025573730e-01,-2.067199647426605225e-01,6.167008876800537109e-01,3.727168962359428406e-02,1.890920661389827728e-02,8.709971904754638672e-01,-4.895070493221282959e-01,2.949878275394439697e-01,-9.421728551387786865e-02,-3.807607293128967285e-01,1.353005021810531616e-01,-2.586103677749633789e-01,5.089686438441276550e-02,-5.178575515747070312e-01,-1.852355897426605225e-02,-1.674424707889556885e-01,2.576204836368560791e-01,6.259882450103759766e-02,1.418939828872680664e-01,-3.836729824542999268e-01,-1.799886375665664673e-01,5.755928531289100647e-02,-4.238492995500564575e-02,-1.105219721794128418e+00,-3.205099999904632568e-01,-7.517136633396148682e-02,1.367356032133102417e-01,-1.047187089920043945e+00
-1.627253443002700806e-01,-2.240230739116668701e-01,6.131669282913208008e-01,3.566050529479980469e-02,1.981605775654315948e-02,8.668699264526367188e-01,-4.968623816967010498e-01,3.176243603229522705e-01,-8.682804554700851440e-02,-3.865891695022583008e-01,1.440818458795547485e-01,-2.536076605319976807e-01,3.159198164939880371e-02,-5.203111767768859863e-01,-3.054918162524700165e-02,-1.898179501295089722e-01,2.763031125068664551e-01,1.108966916799545288e-01,1.259113997220993042e-01,-3.964564502239227295e-01,-1.818893104791641235e-01,5.153317749500274658e-02,-4.090199619531631470e-02,-1.109204053878784180e+00,-3.198905885219573975e-01,-8.144932240247726440e-02,1.421509683132171631e-01,-1.056600093841552734e+00
-1.819244474172592163e-01,-2.421013116836547852e-01,6.110408306121826172e-01,3.599119186401367188e-02,1.951721683144569397e-02,8.645088672637939453e-01,-5.009472966194152832e-01,3.288620114326477051e-01,-8.015533536672592163e-02,-3.831475377082824707e-01,1.672160625457763672e-01,-2.001487463712692261e-01,1.335253100842237473e-02,-5.134639739990234375e-01,-2.935832180082798004e-02,-2.021841257810592651e-01,3.007385134696960449e-01,1.540343761444091797e-01,1.088744774460792542e-01,-4.049979150295257568e-01,-1.802938282489776611e-01,4.845792055130004883e-02,-3.662107884883880615e-02,-1.110609173774719238e+00,-3.181068301200866699e-01,-8.021008968353271484e-02,1.409763991832733154e-01,-1.061501026153564453e+00
-1.998696029186248779e-01,-2.592197656631469727e-01,6.119567751884460449e-01,3.243106603622436523e-02,1.921280659735202789e-02,8.652675151824951172e-01,-4.998911917209625244e-01,3.286724388599395752e-01,-8.040452748537063599e-02,-3.819947838783264160e-01,1.905665844678878784e-01,-1.643648296594619751e-01,-3.139835223555564880e-02,-5.124137997627258301e-01,-2.214709669351577759e-02,-1.918766051530838013e-01,3.301751315593719482e-01,1.728084534406661987e-01,9.550571441650390625e-02,-4.042139947414398193e-01,-1.788563877344131470e-01,5.572944507002830505e-02,-2.971408329904079437e-02,-1.113140940666198730e+00,-3.258984386920928955e-01,-8.323957026004791260e-02,1.442119628190994263e-01,-1.066101193428039551e+00
-2.209993153810501099e-01,-2.777997553348541260e-01,6.140154004096984863e-01,3.276119381189346313e-02,1.763952150940895081e-02,8.684763312339782715e-01,-4.943322539329528809e-01,3.091403543949127197e-01,-8.260433375835418701e-02,-3.773791790008544922e-01,2.410627901554107666e-01,-6.906036287546157837e-02,-9.137859940528869629e-02,-4.962010681629180908e-01,-1.883578952401876450e-03,-1.795949786901473999e-01,3.501674532890319824e-01,1.763257682323455811e-01,7.166808098554611206e-02,-3.935491740703582764e-01,-1.669768542051315308e-01,6.691702455282211304e-02,-2.275413647294044495e-02,-1.117085218429565430e+00,-3.279744982719421387e-01,-7.872167974710464478e-02,1.562217026948928833e-01,-1.067405223846435547e+00
-2.431406825780868530e-01,-2.948493361473083496e-01,6.165042519569396973e-01,3.284179046750068665e-02,1.502959802746772766e-02,8.755815625190734863e-01,-4.817182123661041260e-01,2.657451629638671875e-01,-9.475914388895034790e-02,-3.662090003490447998e-01,3.126950860023498535e-01,6.034154444932937622e-02,-1.709046214818954468e-01,-4.788092076778411865e-01,3.045991435647010803e-02,-1.690666079521179199e-01,3.784321844577789307e-01,1.346789002418518066e-01,3.509160876274108887e-02,-3.654916584491729736e-01,-1.524970680475234985e-01,7.905752956867218018e-02,-1.582534983754158020e-02,-1.129004001617431641e+00,-3.301358520984649658e-01,-6.725958734750747681e-02,1.740270555019378662e-01,-1.069827198982238770e+00
-2.678661942481994629e-01,-3.125772476196289062e-01,6.198546290397644043e-01,3.683303669095039368e-02,1.240791473537683487e-02,8.826543092727661133e-01,-4.684130549430847168e-01,2.052224576473236084e-01,-9.999948740005493164e-02,-3.429199159145355225e-01,4.083270132541656494e-01,1.897881031036376953e-01,-2.393199652433395386e-01,-4.463951885700225830e-01,6.546709686517715454e-02,-1.595088094472885132e-01,4.053564369678497314e-01,7.967268675565719604e-02,2.641811035573482513e-03,-3.316042125225067139e-01,-1.350518465042114258e-01,8.188357949256896973e-02,-8.228009566664695740e-03,-1.147023558616638184e+00,-3.233824968338012695e-01,-6.151330471038818359e-02,1.909856945276260376e-01,-1.073068499565124512e+00
-2.897705137729644775e-01,-3.311055302619934082e-01,6.236014366149902344e-01,3.949459642171859741e-02,1.214438211172819138e-02,8.891723155975341797e-01,-4.557030498981475830e-01,1.110502332448959351e-01,-9.999999403953552246e-02,-2.748073339462280273e-01,5.200982689857482910e-01,3.195868134498596191e-01,-2.830282449722290039e-01,-4.022086858749389648e-01,9.225976467132568359e-02,-1.373259127140045166e-01,4.107354879379272461e-01,3.832653909921646118e-02,-2.001696079969406128e-02,-2.911795079708099365e-01,-1.272958070039749146e-01,8.330162614583969116e-02,-5.359439644962549210e-03,-1.152540922164916992e+00,-3.112331032752990723e-01,-6.606227904558181763e-02,2.031908631324768066e-01,-1.084070682525634766e+00
-3.073930740356445312e-01,-3.526147305965423584e-01,6.298291683197021484e-01,3.950978443026542664e-02,1.904276944696903229e-02,8.982031941413879395e-01,-4.373870193958282471e-01,-7.536134682595729828e-03,-1.000000014901161194e-01,-1.644226908683776855e-01,6.581388115882873535e-01,2.837560176849365234e-01,-2.694842815399169922e-01,-3.482815325260162354e-01,9.999999403953552246e-02,-9.205672144889831543e-02,4.052824079990386963e-01,-1.288103288970887661e-03,-1.618758030235767365e-02,-2.301320284605026245e-01,-1.311991810798645020e-01,6.700036674737930298e-02,-3.844993188977241516e-04,-1.145677924156188965e+00,-3.013270199298858643e-01,-8.447302132844924927e-02,1.990404278039932251e-01,-1.086051344871520996e+00
-3.222872614860534668e-01,-3.745981454849243164e-01,6.372275948524475098e-01,3.742592409253120422e-02,2.821111306548118591e-02,9.079750180244445801e-01,-4.163950383663177490e-01,-1.304860264062881470e-01,-1.000000014901161194e-01,-6.914670765399932861e-02,7.687050104141235352e-01,1.782301068305969238e-01,-1.987208425998687744e-01,-2.885554432868957520e-01,9.637411683797836304e-02,-3.686563670635223389e-02,3.825087845325469971e-01,-2.896664105355739594e-02,-8.527339436113834381e-03,-1.587839424610137939e-01,-1.393193006515502930e-01,3.917825222015380859e-02,-4.321801825426518917e-04,-1.132607698440551758e+00,-2.859255671501159668e-01,-1.036107465624809265e-01,1.938969939947128296e-01,-1.095708131790161133e+00
-3.352606594562530518e-01,-3.956286013126373291e-01,6.444403529167175293e-01,3.250982984900474548e-02,3.782311826944351196e-02,9.156423211097717285e-01,-3.988880217075347900e-01,-2.298990041017532349e-01,-1.000000014901161194e-01,-9.720363304950296879e-04,7.967827916145324707e-01,1.225600391626358032e-01,-1.180698126554489136e-01,-2.315609306097030640e-01,7.931647449731826782e-02,5.168314091861248016e-03,3.508534729480743408e-01,-5.408730730414390564e-02,5.360560957342386246e-03,-9.734313935041427612e-02,-1.431605517864227295e-01,1.881447248160839081e-02,5.806691013276576996e-03,-1.120325684547424316e+00,-2.795409262180328369e-01,-1.446417123079299927e-01,1.974456608295440674e-01,-1.094313263893127441e+00
-3.483426570892333984e-01,-4.146162867546081543e-01,6.509073972702026367e-01,2.603438682854175568e-02,4.370958358049392700e-02,9.219512939453125000e-01,-3.839498460292816162e-01,-3.087903559207916260e-01,-9.053760766983032227e-02,5.625109001994132996e-02,7.612977623939514160e-01,7.682330906391143799e-02,-4.761018231511116028e-02,-1.803611963987350464e-01,6.470718979835510254e-02,4.644712433218955994e-02,3.113320171833038330e-01,-6.294294446706771851e-02,2.324865758419036865e-02,-4.956249520182609558e-02,-1.444166898727416992e-01,4.618240986019372940e-03,8.730482310056686401e-03,-1.113522052764892578e+00,-2.778599262237548828e-01,-1.577381342649459839e-01,1.972233355045318604e-01,-1.092432856559753418e+00
-3.611062169075012207e-01,-4.300608932971954346e-01,6.541463136672973633e-01,1.791653968393802643e-02,4.353293031454086304e-02,9.295018315315246582e-01,-3.658007681369781494e-01,-3.779441714286804199e-01,-7.631582766771316528e-02,9.756796807050704956e-02,6.789661645889282227e-01,5.492713674902915955e-02,1.615890674293041229e-02,-1.495218425989151001e-01,5.899868905544281006e-02,8.523193746805191040e-02,2.838639318943023682e-01,-7.995475828647613525e-02,3.900692239403724670e-02,-4.604537971317768097e-03,-1.430560052394866943e-01,-3.262894973158836365e-02,-1.732523739337921143e-02,-1.131954073905944824e+00,-2.800063192844390869e-01,-1.517116874456405640e-01,2.046989351511001587e-01,-1.093965649604797363e+00
-3.828047513961791992e-01,-4.444392025470733643e-01,6.549807190895080566e-01,1.678523235023021698e-02,3.904045373201370239e-02,9.376351833343505859e-01,-3.450136184692382812e-01,-4.135699272155761719e-01,-4.274794831871986389e-02,1.270108819007873535e-01,5.721442103385925293e-01,3.613433986902236938e-02,1.255514379590749741e-02,-1.034004017710685730e-01,7.626420259475708008e-02,1.231853440403938293e-01,2.576867640018463135e-01,-8.711002767086029053e-02,4.019434005022048950e-02,5.688515678048133850e-02,-1.316842883825302124e-01,8.198027499020099640e-04,-1.782493665814399719e-02,-1.138655781745910645e+00,-2.763485014438629150e-01,-1.449116915464401245e-01,2.075169235467910767e-01,-1.093906283378601074e+00
-4.055039882659912109e-01,-4.607665240764617920e-01,6.523335576057434082e-01,1.813554950058460236e-02,3.392895683646202087e-02,9.470296502113342285e-01,-3.188334107398986816e-01,-4.436248540878295898e-01,-1.773995533585548401e-02,1.313860714435577393e-01,4.653186202049255371e-01,3.522922843694686890e-02,-1.661258377134799957e-02,-5.285768210887908936e-02,9.244617074728012085e-02,1.769531071186065674e-01,2.383479326963424683e-01,-1.070396453142166138e-01,2.988231927156448364e-02,1.301858872175216675e-01,-1.174799352884292603e-01,4.588777199387550354e-02,2.111549722030758858e-03,-1.134438753128051758e+00,-2.708703875541687012e-01,-1.449705958366394043e-01,2.203515321016311646e-01,-1.096617221832275391e+00
-4.297434091567993164e-01,-4.792054295539855957e-01,6.478309631347656250e-01,2.227382361888885498e-02,3.096837177872657776e-02,9.552800059318542480e-01,-2.932318150997161865e-01,-4.645847976207733154e-01,2.905131783336400986e-03,1.196526661515235901e-01,3.644322156906127930e-01,4.641914367675781250e-02,-7.380964607000350952e-02,1.178608555346727371e-02,9.936540573835372925e-02,2.318736314773559570e-01,2.162678241729736328e-01,-1.317224204540252686e-01,1.824309863150119781e-02,1.946661174297332764e-01,-1.037452146410942078e-01,5.750248208642005920e-02,1.605656812898814678e-03,-1.138745903968811035e+00,-2.626871466636657715e-01,-1.372600048780441284e-01,2.342700809240341187e-01,-1.101925253868103027e+00
-4.542658627033233643e-01,-4.982492029666900635e-01,6.428633928298950195e-01,2.768283151090145111e-02,2.826881408691406250e-02,9.611501693725585938e-01,-2.731756269931793213e-01,-4.865066111087799072e-01,1.610620319843292236e-02,8.753399550914764404e-02,2.859714329242706299e-01,5.078154429793357849e-02,-1.091085672378540039e-01,8.384031802415847778e-02,9.954992681741714478e-02,2.784949839115142822e-01,1.886586099863052368e-01,-1.549314260482788086e-01,1.544096012366935611e-04,2.477585077285766602e-01,-9.442365169525146484e-02,7.165335118770599365e-02,2.054124325513839722e-02,-1.146566033363342285e+00,-2.575304806232452393e-01,-1.256850063800811768e-01,2.394419312477111816e-01,-1.103695392608642578e+00
-4.772640466690063477e-01,-5.167603492736816406e-01,6.367276310920715332e-01,3.256822749972343445e-02,2.496633119881153107e-02,9.640516042709350586e-01,-2.625270187854766846e-01,-5.077921748161315918e-01,2.962055243551731110e-02,8.208382874727249146e-02,2.365719079971313477e-01,3.466021642088890076e-02,-1.332158595323562622e-01,1.563547849655151367e-01,9.538102149963378906e-02,3.033850789070129395e-01,1.586520224809646606e-01,-1.818960160017013550e-01,-8.635083213448524475e-03,2.759960293769836426e-01,-8.630992472171783447e-02,8.645639568567276001e-02,2.597277611494064331e-02,-1.155605554580688477e+00,-2.593722939491271973e-01,-1.131449565291404724e-01,2.455738782882690430e-01,-1.102436780929565430e+00
-5.017685294151306152e-01,-5.379549860954284668e-01,6.294982433319091797e-01,3.781904280185699463e-02,2.313457243144512177e-02,9.644819498062133789e-01,-2.604018151760101318e-01,-5.176548957824707031e-01,3.675287589430809021e-02,1.187134757637977600e-01,2.191984802484512329e-01,2.591361850500106812e-02,-1.526538133621215820e-01,2.245775908231735229e-01,8.992143720388412476e-02,3.106971383094787598e-01,1.475902199745178223e-01,-2.204180657863616943e-01,-1.718944869935512543e-02,2.929176390171051025e-01,-7.835175096988677979e-02,8.696760237216949463e-02,2.508859522640705109e-02,-1.166971802711486816e+00,-2.548455893993377686e-01,-1.003491133451461792e-01,2.422279864549636841e-01,-1.104245781898498535e+00
-5.246042013168334961e-01,-5.589289665222167969e-01,6.213560700416564941e-01,4.228632897138595581e-02,2.152963168919086456e-02,9.658327698707580566e-01,-2.547849714756011963e-01,-5.165820121765136719e-01,4.515077918767929077e-02,1.765482723712921143e-01,2.272498011589050293e-01,3.533297404646873474e-02,-1.557556986808776855e-01,2.839061915874481201e-01,8.110143244266510010e-02,3.200593888759613037e-01,1.428223997354507446e-01,-2.524722814559936523e-01,-1.667858101427555084e-02,3.173092007637023926e-01,-7.824001461267471313e-02,8.424761146306991577e-02,3.522732481360435486e-02,-1.180356979370117188e+00,-2.554673254489898682e-01,-9.435799717903137207e-02,2.392189651727676392e-01,-1.105494379997253418e+00
-5.467051267623901367e-01,-5.811564922332763672e-01,6.145955920219421387e-01,4.284354671835899353e-02,2.050940878689289093e-02,9.678878188133239746e-01,-2.468541413545608521e-01,-5.051510930061340332e-01,5.069214478135108948e-02,2.341966629028320312e-01,2.530483305454254150e-01,4.885462298989295959e-02,-1.477895379066467285e-01,3.251863718032836914e-01,6.623400002717971802e-02,3.273248076438903809e-01,1.469721496105194092e-01,-2.661405801773071289e-01,2.895517041906714439e-03,3.421867489814758301e-01,-7.555268704891204834e-02,8.658985793590545654e-02,3.486138582229614258e-02,-1.187650322914123535e+00,-2.582173347473144531e-01,-8.888420462608337402e-02,2.415364235639572144e-01,-1.109396576881408691e+00
-5.700698494911193848e-01,-6.064606904983520508e-01,6.103844046592712402e-01,4.344711080193519592e-02,2.130976691842079163e-02,9.711025357246398926e-01,-2.337050735950469971e-01,-4.952609837055206299e-01,4.929623007774353027e-02,2.554759085178375244e-01,2.753656208515167236e-01,1.038327068090438843e-01,-1.329045593738555908e-01,3.517148196697235107e-01,4.619982838630676270e-02,3.402712047100067139e-01,1.680601984262466431e-01,-2.514872848987579346e-01,3.204593062400817871e-02,3.627936244010925293e-01,-6.376072764396667480e-02,8.126137405633926392e-02,4.366747662425041199e-02,-1.194284915924072266e+00,-2.609844207763671875e-01,-8.200362324714660645e-02,2.413590550422668457e-01,-1.108383774757385254e+00
-5.938872694969177246e-01,-6.295756101608276367e-01,6.089422106742858887e-01,4.275501891970634460e-02,1.927844434976577759e-02,9.744203686714172363e-01,-2.197846472263336182e-01,-4.919498562812805176e-01,4.538044333457946777e-02,2.382148206233978271e-01,2.968215346336364746e-01,1.651704907417297363e-01,-1.222131401300430298e-01,3.446087241172790527e-01,3.791991993784904480e-02,3.562055230140686035e-01,2.109679132699966431e-01,-1.861115097999572754e-01,8.918596059083938599e-02,3.892472088336944580e-01,-6.227390095591545105e-02,8.700818568468093872e-02,4.706612229347229004e-02,-1.190280795097351074e+00,-2.700544893741607666e-01,-6.487875431776046753e-02,2.251528501510620117e-01,-1.095727801322937012e+00
-6.146870851516723633e-01,-6.579904556274414062e-01,6.104405522346496582e-01,4.167185723781585693e-02,2.472209930419921875e-02,9.738551974296569824e-01,-2.219421416521072388e-01,-4.822518527507781982e-01,-1.472201314754784107e-03,2.002842724323272705e-01,3.388110697269439697e-01,1.485287994146347046e-01,-5.648892745375633240e-02,3.002403676509857178e-01,3.018781915307044983e-02,3.562192022800445557e-01,3.049496710300445557e-01,-8.369988948106765747e-02,1.718353927135467529e-01,3.726472854614257812e-01,-5.776024237275123596e-02,6.944330036640167236e-02,3.998031467199325562e-02,-1.185774683952331543e+00,-2.757449746131896973e-01,-7.988184690475463867e-02,2.195854038000106812e-01,-1.067405700683593750e+00
-6.347129940986633301e-01,-6.852686405181884766e-01,6.134096384048461914e-01,3.838429227471351624e-02,2.746304124593734741e-02,9.710284471511840820e-01,-2.342566400766372681e-01,-4.740387797355651855e-01,-4.029294475913047791e-02,1.869417726993560791e-01,3.842231929302215576e-01,1.054345592856407166e-01,-6.541903596371412277e-03,2.256180495023727417e-01,4.238064959645271301e-02,3.451738357543945312e-01,4.165291786193847656e-01,6.608156114816665649e-02,2.405373901128768921e-01,3.342785537242889404e-01,-4.987034201622009277e-02,6.635151803493499756e-02,3.565323725342750549e-02,-1.196425199508666992e+00,-2.703254520893096924e-01,-9.362910687923431396e-02,2.273164838552474976e-01,-1.068504929542541504e+00
-6.534535288810729980e-01,-7.105525135993957520e-01,6.163213253021240234e-01,3.449138626456260681e-02,2.934879995882511139e-02,9.674432873725891113e-01,-2.490029335021972656e-01,-4.506853222846984863e-01,-7.933822274208068848e-02,1.714428812265396118e-01,4.042071700096130371e-01,5.877906829118728638e-02,3.422651067376136780e-02,1.322444677352905273e-01,6.055727228522300720e-02,3.338020741939544678e-01,5.133002400398254395e-01,2.877594828605651855e-01,2.812653779983520508e-01,2.959088981151580811e-01,-5.015755072236061096e-02,5.685451626777648926e-02,2.508503571152687073e-02,-1.188189744949340820e+00,-2.630833685398101807e-01,-1.077858805656433105e-01,2.265046983957290649e-01,-1.074962139129638672e+00
-6.738886833190917969e-01,-7.315431833267211914e-01,6.212432980537414551e-01,3.469652682542800903e-02,2.619594708085060120e-02,9.635106921195983887e-01,-2.641155719757080078e-01,-4.089603424072265625e-01,-9.999995678663253784e-02,1.447489261627197266e-01,4.068205952644348145e-01,1.292674057185649872e-02,6.056061759591102600e-02,3.064469806849956512e-02,9.279717504978179932e-02,3.147386908531188965e-01,6.160715222358703613e-01,4.002164900302886963e-01,3.073751628398895264e-01,2.571999132633209229e-01,-6.312461197376251221e-02,7.767913490533828735e-02,3.858647868037223816e-02,-1.184086680412292480e+00,-2.580474615097045898e-01,-1.111332178115844727e-01,2.279256880283355713e-01,-1.084721326828002930e+00
-6.985675692558288574e-01,-7.510242462158203125e-01,6.298615932464599609e-01,4.023354873061180115e-02,1.920181699097156525e-02,9.588481187820434570e-01,-2.803976237773895264e-01,-3.485658466815948486e-01,-1.000000014901161194e-01,1.090491786599159241e-01,4.020249843597412109e-01,-2.983935177326202393e-02,5.380428582429885864e-02,-8.437086641788482666e-02,1.000000014901161194e-01,2.309194952249526978e-01,7.329077720642089844e-01,3.086737990379333496e-01,2.355100363492965698e-01,1.979372352361679077e-01,-5.884101241827011108e-02,9.618207812309265137e-02,4.612088948488235474e-02,-1.182097792625427246e+00,-2.723277211189270020e-01,-9.092956036329269409e-02,2.103338986635208130e-01,-1.060696363449096680e+00
-7.229492068290710449e-01,-7.683429718017578125e-01,6.386259198188781738e-01,4.687962308526039124e-02,1.116788573563098907e-02,9.525381326675415039e-01,-3.005806505680084229e-01,-2.750764191150665283e-01,-1.000000014901161194e-01,5.828198045492172241e-02,3.699090182781219482e-01,-4.976535961031913757e-02,3.446733951568603516e-02,-2.046720981597900391e-01,1.000000014901161194e-01,1.423698663711547852e-01,8.266832232475280762e-01,2.002313882112503052e-01,1.499726176261901855e-01,1.271343380212783813e-01,-6.180733442306518555e-02,8.555411547422409058e-02,5.984709039330482483e-02,-1.181310653686523438e+00,-2.731874585151672363e-01,-5.686572566628456116e-02,2.044948041439056396e-01,-1.053010940551757812e+00
-7.450099587440490723e-01,-7.865557670593261719e-01,6.472129821777343750e-01,4.982135817408561707e-02,2.244502538815140724e-03,9.451720118522644043e-01,-3.227423727512359619e-01,-2.040773779153823853e-01,-1.000000014901161194e-01,-3.329001832753419876e-03,3.260133266448974609e-01,-6.931316852569580078e-02,1.209761854261159897e-02,-2.936294674873352051e-01,8.365201950073242188e-02,5.812256783246994019e-02,8.339229226112365723e-01,1.247964948415756226e-01,7.353299856185913086e-02,6.046802178025245667e-02,-5.648415908217430115e-02,1.090018525719642639e-01,6.320887804031372070e-02,-1.177113294601440430e+00,-2.701155245304107666e-01,-3.798758983612060547e-02,1.943832933902740479e-01,-1.048714756965637207e+00
-7.646964788436889648e-01,-8.057372570037841797e-01,6.541379690170288086e-01,5.073415860533714294e-02,-3.322927281260490417e-03,9.370450377464294434e-01,-3.454874157905578613e-01,-1.393939554691314697e-01,-9.999997168779373169e-02,-5.223748832941055298e-02,2.826077938079833984e-01,-7.881930470466613770e-02,-3.144756890833377838e-03,-3.567675352096557617e-01,5.879241973161697388e-02,-1.109654456377029419e-02,7.871575355529785156e-01,5.033073201775550842e-02,6.967996712774038315e-03,-9.537998586893081665e-03,-5.579005554318428040e-02,1.160811111330986023e-01,6.384295970201492310e-02,-1.172852516174316406e+00,-2.689274251461029053e-01,-4.560701176524162292e-02,2.069681137800216675e-01,-1.042078018188476562e+00
-7.818770408630371094e-01,-8.246623873710632324e-01,6.582234501838684082e-01,4.722681269049644470e-02,-9.129689075052738190e-03,9.291574358940124512e-01,-3.665415942668914795e-01,-9.391676634550094604e-02,-9.998031705617904663e-02,-1.040310561656951904e-01,2.491511702537536621e-01,-8.086196333169937134e-02,-1.098437514156103134e-02,-4.040384888648986816e-01,6.231921166181564331e-02,-2.872858010232448578e-02,6.837208271026611328e-01,2.400602214038372040e-02,-1.511506270617246628e-02,-6.882300972938537598e-02,-5.571765080094337463e-02,1.226181983947753906e-01,4.821961000561714172e-02,-1.176722764968872070e+00,-2.650983929634094238e-01,-4.808920621871948242e-02,2.049361467361450195e-01,-1.049033164978027344e+00
-8.002808690071105957e-01,-8.454186916351318359e-01,6.577649116516113281e-01,4.561735689640045166e-02,-1.265937741845846176e-02,9.178910255432128906e-01,-3.939985930919647217e-01,-4.709979146718978882e-02,-9.999706596136093140e-02,-1.621701419353485107e-01,2.251695245504379272e-01,-8.711504936218261719e-02,-6.088335649110376835e-04,-4.376964569091796875e-01,5.848952382802963257e-02,-5.003581196069717407e-02,5.701869130134582520e-01,2.338062971830368042e-02,3.259428776800632477e-03,-1.496734470129013062e-01,-5.226228758692741394e-02,1.281159520149230957e-01,3.323950245976448059e-02,-1.181569457054138184e+00,-2.616192102432250977e-01,-5.767120793461799622e-02,1.931095123291015625e-01,-1.048352956771850586e+00
-8.211039304733276367e-01,-8.696028590202331543e-01,6.555104851722717285e-01,4.709210619330406189e-02,-1.265045627951622009e-02,9.043689370155334473e-01,-4.239565134048461914e-01,1.440281607210636139e-02,-1.000000014901161194e-01,-2.300513535737991333e-01,2.035097628831863403e-01,-1.048500090837478638e-01,2.064015250653028488e-03,-4.590401053428649902e-01,5.426240339875221252e-02,-5.990510806441307068e-02,4.575217664241790771e-01,5.188320577144622803e-02,3.951550647616386414e-02,-2.248235791921615601e-01,-4.701962694525718689e-02,1.256011575460433960e-01,1.202494651079177856e-02,-1.187302589416503906e+00,-2.486416250467300415e-01,-6.244123727083206177e-02,1.871737390756607056e-01,-1.055650353431701660e+00
-8.397805690765380859e-01,-8.946878910064697266e-01,6.519142985343933105e-01,4.631178826093673706e-02,-1.089233811944723129e-02,8.890851140022277832e-01,-4.552628099918365479e-01,7.184029370546340942e-02,-1.000000014901161194e-01,-3.016670048236846924e-01,1.817983388900756836e-01,-1.193172410130500793e-01,-9.752354584634304047e-03,-4.750613272190093994e-01,4.337552562355995178e-02,-5.395828187465667725e-02,3.499782085418701172e-01,5.081374198198318481e-02,7.543423771858215332e-02,-2.991869449615478516e-01,-4.915020614862442017e-02,1.215696036815643311e-01,-1.489053107798099518e-02,-1.194456219673156738e+00,-2.339199930429458618e-01,-6.966975331306457520e-02,1.772022843360900879e-01,-1.065438032150268555e+00
-8.574164509773254395e-01,-9.196507930755615234e-01,6.471187472343444824e-01,4.490996524691581726e-02,-7.918985560536384583e-03,8.801069855690002441e-01,-4.725802540779113770e-01,1.344386935234069824e-01,-9.999301284551620483e-02,-3.531914353370666504e-01,1.583861261606216431e-01,-1.522511839866638184e-01,-1.827124040573835373e-03,-4.987595379352569580e-01,3.080957569181919098e-02,-7.884400337934494019e-02,2.700134813785552979e-01,3.332728147506713867e-02,9.977226704359054565e-02,-3.410510122776031494e-01,-6.085569411516189575e-02,9.387855231761932373e-02,-3.899296000599861145e-02,-1.183751583099365234e+00,-2.259426265954971313e-01,-8.981784433126449585e-02,1.647672057151794434e-01,-1.069324493408203125e+00
-8.771980404853820801e-01,-9.464308023452758789e-01,6.407223939895629883e-01,4.501938074827194214e-02,-3.628724953159689903e-03,8.762032389640808105e-01,-4.798207283020019531e-01,1.956131756305694580e-01,-9.999634325504302979e-02,-3.670473992824554443e-01,1.499778628349304199e-01,-1.878113746643066406e-01,1.178344897925853729e-02,-5.186252593994140625e-01,1.984037086367607117e-02,-1.583103537559509277e-01,2.238183021545410156e-01,2.202080748975276947e-02,1.556942611932754517e-01,-3.613612055778503418e-01,-6.690136343240737915e-02,7.535053789615631104e-02,-3.612311184406280518e-02,-1.189950227737426758e+00,-2.140631824731826782e-01,-8.904206752777099609e-02,1.563239991664886475e-01,-1.068047285079956055e+00
-8.955124020576477051e-01,-9.718266725540161133e-01,6.330780386924743652e-01,4.228970780968666077e-02,-4.270807548891752958e-04,8.717263936996459961e-01,-4.881644248962402344e-01,2.494962662458419800e-01,-9.997863322496414185e-02,-3.798001110553741455e-01,1.402892321348190308e-01,-2.216331064701080322e-01,-7.878725882619619370e-04,-5.344785451889038086e-01,1.007431838661432266e-02,-2.359622865915298462e-01,2.025563567876815796e-01,6.974068935960531235e-03,1.932947188615798950e-01,-3.830812871456146240e-01,-7.671355456113815308e-02,5.944695323705673218e-02,-4.010133817791938782e-02,-1.195056796073913574e+00,-2.129371911287307739e-01,-9.950479120016098022e-02,1.604841053485870361e-01,-1.080889940261840820e+00
-9.149514436721801758e-01,-9.983012676239013672e-01,6.250587105751037598e-01,3.907351940870285034e-02,3.622875548899173737e-03,8.652634024620056152e-01,-4.997793138027191162e-01,2.964059710502624512e-01,-9.995178133249282837e-02,-4.023134410381317139e-01,1.397193819284439087e-01,-2.395627945661544800e-01,1.952497987076640129e-03,-5.434208512306213379e-01,7.634359062649309635e-04,-2.646978199481964111e-01,2.169851809740066528e-01,6.385309156030416489e-03,1.998778432607650757e-01,-4.149077534675598145e-01,-8.444854617118835449e-02,4.921020194888114929e-02,-4.472539946436882019e-02,-1.199668765068054199e+00,-2.157635688781738281e-01,-1.088081374764442444e-01,1.588884890079498291e-01,-1.096510648727416992e+00
-9.364203810691833496e-01,-1.026930809020996094e+00,6.179221868515014648e-01,3.799991682171821594e-02,5.873626563698053360e-03,8.535035252571105957e-01,-5.196664929389953613e-01,3.360538184642791748e-01,-9.029478579759597778e-02,-4.382969439029693604e-01,1.525520086288452148e-01,-2.366585433483123779e-01,-3.641083370894193649e-03,-5.492562651634216309e-01,-1.043897680938243866e-02,-2.589097917079925537e-01,2.575165033340454102e-01,6.771297752857208252e-02,1.620468050241470337e-01,-4.652787148952484131e-01,-8.797805756330490112e-02,3.726647049188613892e-02,-3.956421837210655212e-02,-1.198417186737060547e+00,-2.125697284936904907e-01,-1.188906803727149963e-01,1.540143489837646484e-01,-1.104814052581787109e+00
-9.586716294288635254e-01,-1.054552435874938965e+00,6.138700246810913086e-01,3.552315011620521545e-02,7.442089263349771500e-03,8.426489233970642090e-01,-5.372387766838073730e-01,3.513478338718414307e-01,-8.170520514249801636e-02,-4.738254845142364502e-01,1.794638782739639282e-01,-1.870370358228683472e-01,-3.901902586221694946e-02,-5.605757236480712891e-01,-2.358409576117992401e-02,-2.515704929828643799e-01,2.929065227508544922e-01,1.430829614400863647e-01,1.232754886150360107e-01,-5.025288462638854980e-01,-1.014810800552368164e-01,1.955439336597919464e-02,-2.201248332858085632e-02,-1.187260985374450684e+00,-2.108650058507919312e-01,-1.229849755764007568e-01,1.439375430345535278e-01,-1.115913033485412598e+00
-9.842754006385803223e-01,-1.083377480506896973e+00,6.137071847915649414e-01,3.676521033048629761e-02,8.273448795080184937e-03,8.378800153732299805e-01,-5.445520281791687012e-01,3.438275456428527832e-01,-8.342280983924865723e-02,-4.799434244632720947e-01,2.354088127613067627e-01,-7.935783267021179199e-02,-9.710752218961715698e-02,-5.454200506210327148e-01,-2.132147178053855896e-02,-2.564378976821899414e-01,3.370101451873779297e-01,1.906128078699111938e-01,9.197273105382919312e-02,-5.156696438789367676e-01,-9.944411367177963257e-02,1.837806217372417450e-02,-1.948061771690845490e-02,-1.170087218284606934e+00,-2.016330659389495850e-01,-1.239420324563980103e-01,1.418909728527069092e-01,-1.117160081863403320e+00
-1.010075807571411133e+00,-1.109989523887634277e+00,6.170001626014709473e-01,3.541500121355056763e-02,7.563040591776371002e-03,8.416598439216613770e-01,-5.387924909591674805e-01,3.025045990943908691e-01,-9.999876469373703003e-02,-4.699225425720214844e-01,3.148633241653442383e-01,5.744405090808868408e-02,-1.800780892372131348e-01,-5.361474752426147461e-01,-1.688436255790293217e-03,-2.477599978446960449e-01,3.880125582218170166e-01,1.676522791385650635e-01,5.144806951284408569e-02,-4.921240806579589844e-01,-9.491029381752014160e-02,2.937844395637512207e-02,-1.963127590715885162e-02,-1.168432116508483887e+00,-1.905999481678009033e-01,-1.272636651992797852e-01,1.492648869752883911e-01,-1.118904352188110352e+00
-1.040249347686767578e+00,-1.134639859199523926e+00,6.216314435005187988e-01,4.023310169577598572e-02,2.301200758665800095e-03,8.506339192390441895e-01,-5.242117047309875488e-01,2.435569912195205688e-01,-9.999991208314895630e-02,-4.267037510871887207e-01,3.944262862205505371e-01,2.462107241153717041e-01,-2.544259727001190186e-01,-5.040626525878906250e-01,4.753927141427993774e-02,-2.370379418134689331e-01,4.260765016078948975e-01,1.070293411612510681e-01,1.872576586902141571e-02,-4.429539442062377930e-01,-7.543850690126419067e-02,5.024888738989830017e-02,-2.460070513188838959e-02,-1.177470564842224121e+00,-1.736632734537124634e-01,-1.124909669160842896e-01,1.662158668041229248e-01,-1.132657885551452637e+00
-1.066661357879638672e+00,-1.159149885177612305e+00,6.264365911483764648e-01,4.413697123527526855e-02,7.728704949840903282e-04,8.610920310020446777e-01,-5.065291523933410645e-01,1.448335349559783936e-01,-9.999810159206390381e-02,-3.352845609188079834e-01,4.985350668430328369e-01,4.029647409915924072e-01,-3.355705142021179199e-01,-4.511806964874267578e-01,9.047464281320571899e-02,-2.132722735404968262e-01,4.304846525192260742e-01,6.206508353352546692e-02,2.397350966930389404e-03,-3.925084471702575684e-01,-5.904680863022804260e-02,6.865257024765014648e-02,-1.800617575645446777e-02,-1.175504326820373535e+00,-2.081733047962188721e-01,-9.293404221534729004e-02,1.721887439489364624e-01,-1.088755846023559570e+00
-1.084912657737731934e+00,-1.188660264015197754e+00,6.359192728996276855e-01,4.502428323030471802e-02,1.050875429064035416e-02,8.727273344993591309e-01,-4.860137701034545898e-01,1.771737821400165558e-02,-1.000000014901161194e-01,-1.884749233722686768e-01,6.392424702644348145e-01,3.241872191429138184e-01,-2.586966156959533691e-01,-3.854481577873229980e-01,1.000000014901161194e-01,-1.556447297334671021e-01,4.320929944515228271e-01,9.935370646417140961e-03,9.289689362049102783e-03,-3.108054995536804199e-01,-7.006376236677169800e-02,4.259575903415679932e-02,-9.758415631949901581e-03,-1.164712905883789062e+00,-1.870415806770324707e-01,-1.231237724423408508e-01,1.891936659812927246e-01,-1.108803629875183105e+00
-1.098860383033752441e+00,-1.218983769416809082e+00,6.458267569541931152e-01,4.105605930089950562e-02,2.590446546673774719e-02,8.829214572906494141e-01,-4.670043289661407471e-01,-1.105731949210166931e-01,-1.000000014901161194e-01,-6.144731491804122925e-02,7.434027194976806641e-01,2.060244679450988770e-01,-1.552080959081649780e-01,-3.080831766128540039e-01,8.672825247049331665e-02,-8.939543366432189941e-02,4.047453701496124268e-01,-2.700017392635345459e-02,2.763264626264572144e-02,-2.297802567481994629e-01,-8.084094524383544922e-02,1.610586419701576233e-02,-1.832648366689682007e-02,-1.160215377807617188e+00,-1.541726738214492798e-01,-1.599133163690567017e-01,1.897676736116409302e-01,-1.159252047538757324e+00
-1.114542484283447266e+00,-1.246436357498168945e+00,6.551468372344970703e-01,3.769440576434135437e-02,3.586562350392341614e-02,8.904658555984497070e-01,-4.520656168460845947e-01,-2.081329971551895142e-01,-7.958204299211502075e-02,2.931785210967063904e-02,7.662364244461059570e-01,1.181234270334243774e-01,-1.897542178630828857e-02,-2.271651923656463623e-01,7.538677006959915161e-02,-4.585461691021919250e-02,3.627275526523590088e-01,-6.071820855140686035e-02,3.164688125252723694e-02,-1.782818883657455444e-01,-6.722052395343780518e-02,-5.052139516919851303e-03,-3.591969236731529236e-02,-1.191587090492248535e+00,-1.545514166355133057e-01,-1.585230678319931030e-01,1.939938813447952271e-01,-1.170441269874572754e+00
-1.132916808128356934e+00,-1.269339442253112793e+00,6.614300012588500977e-01,3.443542122840881348e-02,3.905729204416275024e-02,9.000830054283142090e-01,-4.325960278511047363e-01,-2.857342660427093506e-01,-3.593535721302032471e-02,1.175354570150375366e-01,7.302607893943786621e-01,7.133897393941879272e-02,3.109015710651874542e-02,-1.592946648597717285e-01,7.655711472034454346e-02,-4.331280477344989777e-03,3.158456087112426758e-01,-7.116320729255676270e-02,3.797095641493797302e-02,-1.030882894992828369e-01,-7.387350499629974365e-02,-2.317770384252071381e-03,3.937622532248497009e-03,-1.164424657821655273e+00,-1.650303304195404053e-01,-1.706796437501907349e-01,1.809661388397216797e-01,-1.156338572502136230e+00
-1.151904344558715820e+00,-1.289744615554809570e+00,6.649270057678222656e-01,2.967227436602115631e-02,3.795603662729263306e-02,9.090186357498168945e-01,-4.139614105224609375e-01,-3.450771868228912354e-01,-1.623729243874549866e-02,1.478823572397232056e-01,6.334862709045410156e-01,6.159841269254684448e-02,4.753844067454338074e-02,-1.049591153860092163e-01,8.208354562520980835e-02,3.356122970581054688e-02,2.768499851226806641e-01,-8.221427351236343384e-02,4.022914543747901917e-02,-4.071272537112236023e-02,-7.486614584922790527e-02,7.991015911102294922e-03,6.767528597265481949e-03,-1.159122705459594727e+00,-1.770060658454895020e-01,-1.702173501253128052e-01,1.843750774860382080e-01,-1.155921816825866699e+00
-1.172154664993286133e+00,-1.310955405235290527e+00,6.637308001518249512e-01,2.791478298604488373e-02,3.581769764423370361e-02,9.217852354049682617e-01,-3.850322961807250977e-01,-3.927274048328399658e-01,-2.728841267526149750e-03,1.548006683588027954e-01,5.261452198028564453e-01,6.701558083295822144e-02,2.673310972750186920e-02,-5.093332007527351379e-02,9.243025630712509155e-02,9.705104678869247437e-02,2.492250800132751465e-01,-9.941004216670989990e-02,3.468131273984909058e-02,4.330197349190711975e-02,-8.244282007217407227e-02,-9.289566427469253540e-03,-2.875430695712566376e-02,-1.137743353843688965e+00,-1.858112365007400513e-01,-1.655612885951995850e-01,2.062065452337265015e-01,-1.154844760894775391e+00
-1.195943474769592285e+00,-1.333608984947204590e+00,6.605848670005798340e-01,2.860249392688274384e-02,3.386324271559715271e-02,9.355785846710205078e-01,-3.503254950046539307e-01,-4.204748868942260742e-01,9.758875705301761627e-03,1.367390304803848267e-01,4.081489741802215576e-01,5.591078847646713257e-02,-1.105688326060771942e-02,1.632784307003021240e-02,9.760533273220062256e-02,1.739380806684494019e-01,2.143720984458923340e-01,-1.171443238854408264e-01,2.968636155128479004e-02,1.467250138521194458e-01,-9.220130741596221924e-02,-1.406405703164637089e-03,-5.850148200988769531e-02,-1.125550031661987305e+00,-1.923730373382568359e-01,-1.636816859245300293e-01,2.249797433614730835e-01,-1.154531478881835938e+00
-1.221572279930114746e+00,-1.357659459114074707e+00,6.552208065986633301e-01,3.127918019890785217e-02,3.070480003952980042e-02,9.461784958839416504e-01,-3.206635415554046631e-01,-4.487931430339813232e-01,3.699733689427375793e-02,1.319339126348495483e-01,3.140396177768707275e-01,5.742984265089035034e-02,-8.415472507476806641e-02,8.887603878974914551e-02,9.741255640983581543e-02,2.369379550218582153e-01,1.849500238895416260e-01,-1.450882107019424438e-01,1.631569489836692810e-02,2.264186441898345947e-01,-8.907796442508697510e-02,2.509760856628417969e-02,-5.637637153267860413e-02,-1.134459972381591797e+00,-1.974574327468872070e-01,-1.512174308300018311e-01,2.469329982995986938e-01,-1.161902189254760742e+00
-1.246372461318969727e+00,-1.380593538284301758e+00,6.486682891845703125e-01,3.339478000998497009e-02,2.660401724278926849e-02,9.520277976989746094e-01,-3.030182123184204102e-01,-4.799430668354034424e-01,6.781679391860961914e-02,1.652311682701110840e-01,2.478010654449462891e-01,3.286928683519363403e-02,-1.245807930827140808e-01,1.624107211828231812e-01,9.337555617094039917e-02,2.790991365909576416e-01,1.518096178770065308e-01,-1.729054898023605347e-01,2.114135073497891426e-03,2.754626274108886719e-01,-8.483137190341949463e-02,6.268916279077529907e-02,-3.813817352056503296e-02,-1.156854748725891113e+00,-2.114046066999435425e-01,-1.401724517345428467e-01,2.588106095790863037e-01,-1.165293455123901367e+00
-1.270362377166748047e+00,-1.404680252075195312e+00,6.405599117279052734e-01,3.644355759024620056e-02,2.323176898062229156e-02,9.551418423652648926e-01,-2.929782569408416748e-01,-5.030435919761657715e-01,8.881926536560058594e-02,2.162688821554183960e-01,2.106935232877731323e-01,1.658101379871368408e-02,-1.485963463783264160e-01,2.290674746036529541e-01,8.765196800231933594e-02,2.981886565685272217e-01,1.368225812911987305e-01,-2.093146741390228271e-01,-1.626890152692794800e-02,3.049382865428924561e-01,-7.987838238477706909e-02,9.211359918117523193e-02,-1.338490098714828491e-02,-1.180139899253845215e+00,-2.219185978174209595e-01,-1.277216225862503052e-01,2.780105769634246826e-01,-1.167595863342285156e+00
-1.292984008789062500e+00,-1.431562423706054688e+00,6.328498125076293945e-01,3.798953816294670105e-02,2.349084801971912384e-02,9.575372934341430664e-01,-2.848285436630249023e-01,-5.058001279830932617e-01,8.899780362844467163e-02,2.638421058654785156e-01,2.001499384641647339e-01,-4.151100758463144302e-03,-1.509838104248046875e-01,2.862806320190429688e-01,7.062625885009765625e-02,3.058945834636688232e-01,1.366277337074279785e-01,-2.468776404857635498e-01,-2.784793451428413391e-02,3.218346834182739258e-01,-7.022619992494583130e-02,9.517617523670196533e-02,1.812202855944633484e-02,-1.197867631912231445e+00,-2.308681905269622803e-01,-1.234074011445045471e-01,2.875215113162994385e-01,-1.170127630233764648e+00
-1.316687703132629395e+00,-1.459748268127441406e+00,6.261879801750183105e-01,4.016304761171340942e-02,2.431327477097511292e-02,9.612016677856445312e-01,-2.718218863010406494e-01,-4.953962266445159912e-01,8.731932938098907471e-02,2.786193490028381348e-01,2.246946990489959717e-01,2.562431804835796356e-02,-1.416575014591217041e-01,3.310913741588592529e-01,5.045329034328460693e-02,3.158610165119171143e-01,1.491750776767730713e-01,-2.581611573696136475e-01,-1.393895689398050308e-02,3.446159362792968750e-01,-5.369826406240463257e-02,9.002872556447982788e-02,3.375599533319473267e-02,-1.217803478240966797e+00,-2.345182895660400391e-01,-1.068542301654815674e-01,2.911935448646545410e-01,-1.172249078750610352e+00
-1.339716792106628418e+00,-1.487495183944702148e+00,6.229743957519531250e-01,4.108290746808052063e-02,2.288607507944107056e-02,9.654853343963623047e-01,-2.561767697334289551e-01,-4.935496449470520020e-01,8.726447075605392456e-02,2.540854513645172119e-01,2.450079619884490967e-01,1.014471352100372314e-01,-1.394699364900588989e-01,3.454509079456329346e-01,3.439124301075935364e-02,3.362449705600738525e-01,1.802746802568435669e-01,-2.201377004384994507e-01,2.604553662240505219e-02,3.725576996803283691e-01,-4.291499033570289612e-02,9.315425902605056763e-02,5.969801917672157288e-02,-1.223211765289306641e+00,-2.455484867095947266e-01,-9.381790459156036377e-02,2.802599072456359863e-01,-1.160436034202575684e+00
-1.363480567932128906e+00,-1.519800186157226562e+00,6.229718327522277832e-01,4.247178882360458374e-02,2.751393057405948639e-02,9.666704535484313965e-01,-2.509728372097015381e-01,-4.748456180095672607e-01,5.667277052998542786e-02,2.221546918153762817e-01,2.675362825393676758e-01,1.659101694822311401e-01,-1.371179372072219849e-01,3.357412815093994141e-01,1.599189639091491699e-02,3.301642835140228271e-01,2.478325217962265015e-01,-1.488714963197708130e-01,8.966451138257980347e-02,3.791121840476989746e-01,-3.135223686695098877e-02,7.883505523204803467e-02,7.809578627347946167e-02,-1.213265419006347656e+00,-2.349189221858978271e-01,-8.112801611423492432e-02,2.633888721466064453e-01,-1.141099214553833008e+00
-1.384785532951354980e+00,-1.551541805267333984e+00,6.260740756988525391e-01,4.051140695810317993e-02,3.169540315866470337e-02,9.656139612197875977e-01,-2.548408508300781250e-01,-4.544302821159362793e-01,2.079203911125659943e-02,2.100303322076797485e-01,2.958903014659881592e-01,1.764629483222961426e-01,-9.364054352045059204e-02,2.767420411109924316e-01,1.331863459199666977e-02,3.175408840179443359e-01,3.552249670028686523e-01,-2.112538367509841919e-02,1.584949046373367310e-01,3.642424643039703369e-01,-2.580062113702297211e-02,5.653972551226615906e-02,7.648801058530807495e-02,-1.202754497528076172e+00,-2.213070243597030640e-01,-8.189369738101959229e-02,2.424034625291824341e-01,-1.128974795341491699e+00
-1.403699994087219238e+00,-1.580828428268432617e+00,6.291577219963073730e-01,3.594332933425903320e-02,3.371660038828849792e-02,9.623228311538696289e-01,-2.674060761928558350e-01,-4.482100903987884521e-01,-1.946669816970825195e-02,1.898360401391983032e-01,3.379013836383819580e-01,1.436013430356979370e-01,-5.169066041707992554e-02,1.933706551790237427e-01,2.206301130354404449e-02,2.911410331726074219e-01,4.583601057529449463e-01,1.709304004907608032e-01,2.049302756786346436e-01,3.258641362190246582e-01,-2.214916609227657318e-02,5.003874376416206360e-02,7.425865530967712402e-02,-1.190529465675354004e+00,-2.139568775892257690e-01,-1.087824404239654541e-01,2.307504862546920776e-01,-1.125578522682189941e+00
-1.421803116798400879e+00,-1.607357382774353027e+00,6.320423483848571777e-01,3.240369260311126709e-02,3.519333526492118835e-02,9.581765532493591309e-01,-2.821509540081024170e-01,-4.262397289276123047e-01,-5.676176026463508606e-02,1.715401709079742432e-01,3.597089648246765137e-01,1.001342162489891052e-01,-1.545148622244596481e-02,1.078474968671798706e-01,3.102186881005764008e-02,2.625304758548736572e-01,5.251689553260803223e-01,4.136688113212585449e-01,2.065018266439437866e-01,2.878090441226959229e-01,-4.008415341377258301e-02,4.056972265243530273e-02,2.557128854095935822e-02,-1.157163381576538086e+00,-2.061756849288940430e-01,-1.275452673435211182e-01,2.206403464078903198e-01,-1.122657656669616699e+00
-1.442855238914489746e+00,-1.632005691528320312e+00,6.394820213317871094e-01,3.561324998736381531e-02,3.321997448801994324e-02,9.515239000320434570e-01,-3.036945760250091553e-01,-3.743860125541687012e-01,-8.603326231241226196e-02,1.261426657438278198e-01,3.588398396968841553e-01,5.624492838978767395e-02,1.135392766445875168e-02,6.864073686301708221e-03,7.000666111707687378e-02,2.435929626226425171e-01,6.508767008781433105e-01,3.974694311618804932e-01,2.240159511566162109e-01,2.254460006952285767e-01,-5.765208974480628967e-02,2.088142745196819305e-02,-1.226695068180561066e-02,-1.136980295181274414e+00,-2.038436084985733032e-01,-1.220645308494567871e-01,2.186927348375320435e-01,-1.110519766807556152e+00
-1.467383742332458496e+00,-1.655953407287597656e+00,6.487197279930114746e-01,4.288456588983535767e-02,2.947923541069030762e-02,9.454748630523681641e-01,-3.215107321739196777e-01,-2.964709401130676270e-01,-9.998701512813568115e-02,7.714682072401046753e-02,3.371742367744445801e-01,1.758143305778503418e-02,1.265169214457273483e-02,-9.934102743864059448e-02,9.122972935438156128e-02,1.882325559854507446e-01,7.600188255310058594e-01,2.776768207550048828e-01,1.716344356536865234e-01,1.604792624711990356e-01,-5.886367708444595337e-02,4.274728242307901382e-03,-1.895961165428161621e-02,-1.133860230445861816e+00,-1.952358931303024292e-01,-1.049166694283485413e-01,2.093662619590759277e-01,-1.104379296302795410e+00
-1.490886569023132324e+00,-1.677333354949951172e+00,6.573427915573120117e-01,4.689032211899757385e-02,2.265549823641777039e-02,9.396587610244750977e-01,-3.381263017654418945e-01,-2.275080829858779907e-01,-9.999831765890121460e-02,3.237979859113693237e-02,3.105818331241607666e-01,-1.281325425952672958e-02,-4.239911213517189026e-03,-2.117870450019836426e-01,9.628721326589584351e-02,1.238949671387672424e-01,8.284319639205932617e-01,1.590813547372817993e-01,1.040631011128425598e-01,8.530819416046142578e-02,-3.771206364035606384e-02,3.804547712206840515e-02,1.835506409406661987e-03,-1.145655989646911621e+00,-1.996293962001800537e-01,-8.469478785991668701e-02,2.030959874391555786e-01,-1.095337271690368652e+00
-1.512446045875549316e+00,-1.697770476341247559e+00,6.649398207664489746e-01,4.776939749717712402e-02,1.614214666187763214e-02,9.341304302215576172e-01,-3.533523082733154297e-01,-1.617456078529357910e-01,-9.638933092355728149e-02,-7.570536807179450989e-03,2.748415768146514893e-01,-3.781217709183692932e-02,-2.553642727434635162e-02,-3.009149134159088135e-01,8.399984240531921387e-02,6.026577949523925781e-02,8.176491856575012207e-01,9.417686611413955688e-02,5.054834485054016113e-02,1.658209599554538727e-02,-1.947640627622604370e-02,7.561310380697250366e-02,3.972401842474937439e-02,-1.162129759788513184e+00,-1.985830217599868774e-01,-6.282882392406463623e-02,2.152450829744338989e-01,-1.091870784759521484e+00
-1.531613230705261230e+00,-1.717755436897277832e+00,6.702433824539184570e-01,4.598893225193023682e-02,1.039648987352848053e-02,9.277986288070678711e-01,-3.700900077819824219e-01,-1.095054373145103455e-01,-9.584017843008041382e-02,-4.387826472520828247e-02,2.417281568050384521e-01,-4.933879524469375610e-02,-2.209973149001598358e-02,-3.692451715469360352e-01,6.188237667083740234e-02,-8.716560900211334229e-03,7.510538697242736816e-01,5.864326655864715576e-02,3.339042887091636658e-03,-5.465605482459068298e-02,-1.909798569977283478e-02,8.559802919626235962e-02,7.392669469118118286e-02,-1.178537249565124512e+00,-1.974112093448638916e-01,-5.581816658377647400e-02,2.220494896173477173e-01,-1.090418696403503418e+00
-1.550013780593872070e+00,-1.737964034080505371e+00,6.722838282585144043e-01,4.254133999347686768e-02,5.731969140470027924e-03,9.226691126823425293e-01,-3.831959366798400879e-01,-6.649383902549743652e-02,-9.431581199169158936e-02,-7.478106766939163208e-02,2.187662571668624878e-01,-6.025336310267448425e-02,-2.603158913552761078e-02,-4.150647819042205811e-01,4.111548885703086853e-02,-7.091451436281204224e-02,6.400178074836730957e-01,4.028008505702018738e-02,-2.131703495979309082e-02,-1.077150553464889526e-01,-2.083211205899715424e-02,9.917857497930526733e-02,6.788647919893264771e-02,-1.183413267135620117e+00,-2.005618810653686523e-01,-5.883839726448059082e-02,2.108478248119354248e-01,-1.093077898025512695e+00
-1.568715095520019531e+00,-1.761136889457702637e+00,6.708234548568725586e-01,4.006606340408325195e-02,5.348552949726581573e-03,9.149053096771240234e-01,-4.016395509243011475e-01,-1.758082583546638489e-02,-9.983748197555541992e-02,-1.109182834625244141e-01,2.020825147628784180e-01,-8.425778150558471680e-02,-2.823776006698608398e-02,-4.445728957653045654e-01,9.499406442046165466e-03,-1.504946202039718628e-01,5.224179625511169434e-01,3.865586221218109131e-02,1.807545078918337822e-03,-1.716005951166152954e-01,-2.006900310516357422e-02,9.739930927753448486e-02,5.564899742603302002e-02,-1.190095782279968262e+00,-1.977511793375015259e-01,-6.929265707731246948e-02,2.079562246799468994e-01,-1.098148941993713379e+00
-1.590490579605102539e+00,-1.785919070243835449e+00,6.668576598167419434e-01,4.054713249206542969e-02,6.118759512901306152e-03,9.053716659545898438e-01,-4.226353764533996582e-01,4.059344902634620667e-02,-9.999802708625793457e-02,-1.625146418809890747e-01,1.863557696342468262e-01,-1.085471659898757935e-01,-1.856886222958564758e-02,-4.596938788890838623e-01,-1.461192686110734940e-02,-2.367606461048126221e-01,4.085271060466766357e-01,4.229916259646415710e-02,4.328507557511329651e-02,-2.388260960578918457e-01,-1.509277801960706711e-02,9.641572833061218262e-02,3.400014340877532959e-02,-1.200027227401733398e+00,-1.896900683641433716e-01,-7.285328954458236694e-02,1.946794390678405762e-01,-1.103362917900085449e+00
-1.611387968063354492e+00,-1.812256336212158203e+00,6.611235141754150391e-01,4.110150411725044250e-02,9.272037073969841003e-03,8.956034779548645020e-01,-4.428533315658569336e-01,1.087156385183334351e-01,-9.999991953372955322e-02,-2.038697451353073120e-01,1.654951572418212891e-01,-1.463990509510040283e-01,-1.829172112047672272e-02,-4.800093770027160645e-01,-3.807720541954040527e-02,-2.983771264553070068e-01,3.135736286640167236e-01,5.685519799590110779e-02,9.068769961595535278e-02,-2.894489765167236328e-01,-1.852728612720966339e-02,9.234245866537094116e-02,1.096219662576913834e-02,-1.208863019943237305e+00,-1.772707998752593994e-01,-9.770518541336059570e-02,2.003652453422546387e-01,-1.114891409873962402e+00
-1.632118463516235352e+00,-1.837665200233459473e+00,6.551023721694946289e-01,3.995918482542037964e-02,1.284717489033937454e-02,8.878946304321289062e-01,-4.581281244754791260e-01,1.689484864473342896e-01,-9.999483823776245117e-02,-2.424175888299942017e-01,1.512568593025207520e-01,-1.793517172336578369e-01,-1.690090447664260864e-02,-5.027548670768737793e-01,-5.737879872322082520e-02,-3.474052548408508301e-01,2.402454018592834473e-01,5.209579691290855408e-02,1.518490165472030640e-01,-3.365806043148040771e-01,-2.080935612320899963e-02,9.192254394292831421e-02,-8.480411954224109650e-03,-1.218035578727722168e+00,-1.703066825866699219e-01,-9.956186264753341675e-02,1.835350841283798218e-01,-1.117813587188720703e+00
-1.652489542961120605e+00,-1.862478137016296387e+00,6.484789848327636719e-01,3.863478824496269226e-02,1.555093564093112946e-02,8.834727406501770020e-01,-4.666277468204498291e-01,2.194041162729263306e-01,-9.995803982019424438e-02,-2.647533118724822998e-01,1.507808417081832886e-01,-2.136156111955642700e-01,-8.992855437099933624e-03,-5.247062444686889648e-01,-6.428175419569015503e-02,-3.565677106380462646e-01,1.968554109334945679e-01,2.377500943839550018e-02,1.861383616924285889e-01,-3.618124127388000488e-01,-3.217411041259765625e-02,6.380026787519454956e-02,-7.121521979570388794e-03,-1.225310564041137695e+00,-1.712156534194946289e-01,-1.006256565451622009e-01,1.799418926239013672e-01,-1.121044397354125977e+00
-1.675254821777343750e+00,-1.887029409408569336e+00,6.423076987266540527e-01,3.798817843198776245e-02,1.651982590556144714e-02,8.753603696823120117e-01,-4.816930592060089111e-01,2.642397284507751465e-01,-8.875370770692825317e-02,-2.890387475490570068e-01,1.554937511682510376e-01,-2.378653585910797119e-01,-8.490184321999549866e-03,-5.347815155982971191e-01,-7.064087688922882080e-02,-3.443057239055633545e-01,1.891810446977615356e-01,1.303671579807996750e-02,1.802904605865478516e-01,-4.028932452201843262e-01,-3.705632686614990234e-02,6.952649354934692383e-02,-1.193507295101881027e-02,-1.228124022483825684e+00,-1.742863655090332031e-01,-1.091104596853256226e-01,1.809362471103668213e-01,-1.122735381126403809e+00
-1.700864672660827637e+00,-1.912328362464904785e+00,6.372200846672058105e-01,3.763972595334053040e-02,1.590001210570335388e-02,8.666712641716003418e-01,-4.972035288810729980e-01,3.015246689319610596e-01,-6.930854916572570801e-02,-3.195095658302307129e-01,1.658818721771240234e-01,-2.397496104240417480e-01,-2.710787951946258545e-02,-5.271579027175903320e-01,-6.911819428205490112e-02,-3.142281472682952881e-01,2.171671092510223389e-01,-7.177323568612337112e-03,1.820412129163742065e-01,-4.496982693672180176e-01,-2.739587798714637756e-02,7.023159414529800415e-02,-1.829897053539752960e-02,-1.232871055603027344e+00,-1.768036186695098877e-01,-1.104620918631553650e-01,1.818263977766036987e-01,-1.130691766738891602e+00
-1.728461265563964844e+00,-1.939104080200195312e+00,6.335397958755493164e-01,3.950751572847366333e-02,1.616893894970417023e-02,8.587555289268493652e-01,-5.106042027473449707e-01,3.280305862426757812e-01,-5.109407380223274231e-02,-3.334427773952484131e-01,1.921284347772598267e-01,-2.038092613220214844e-01,-5.555779486894607544e-02,-5.161780118942260742e-01,-7.446914911270141602e-02,-3.266686797142028809e-01,2.560741901397705078e-01,3.722786903381347656e-02,1.582501977682113647e-01,-4.788486361503601074e-01,-2.115488424897193909e-02,5.931014940142631531e-02,-8.578355424106121063e-03,-1.231633901596069336e+00,-1.714273244142532349e-01,-1.145026609301567078e-01,1.895242333412170410e-01,-1.137088179588317871e+00
-1.754829764366149902e+00,-1.964408397674560547e+00,6.324126720428466797e-01,3.820157423615455627e-02,1.635995134711265564e-02,8.533775210380554199e-01,-5.196343064308166504e-01,3.242554664611816406e-01,-4.048026725649833679e-02,-3.370367586612701416e-01,2.325370162725448608e-01,-1.154354736208915710e-01,-8.685546368360519409e-02,-5.109975337982177734e-01,-7.841522246599197388e-02,-3.332313597202301025e-01,2.721912860870361328e-01,9.376878291368484497e-02,1.190803423523902893e-01,-4.895386695861816406e-01,-2.548528276383876801e-02,6.641913950443267822e-02,-2.167210681363940239e-03,-1.222115397453308105e+00,-1.681312918663024902e-01,-1.261854916810989380e-01,1.968500018119812012e-01,-1.148080825805664062e+00
-1.782483339309692383e+00,-1.991713166236877441e+00,6.323211193084716797e-01,3.734626993536949158e-02,1.800571195781230927e-02,8.543676137924194336e-01,-5.180126428604125977e-01,3.012926578521728516e-01,-5.285159870982170105e-02,-3.369814455509185791e-01,3.002007007598876953e-01,7.638245820999145508e-03,-1.101283058524131775e-01,-5.002395510673522949e-01,-6.991326063871383667e-02,-3.241249620914459229e-01,3.132299482822418213e-01,1.547828018665313721e-01,8.845189213752746582e-02,-4.752101898193359375e-01,-2.847362123429775238e-02,4.717437922954559326e-02,8.308909833431243896e-03,-1.216973543167114258e+00,-1.635970920324325562e-01,-1.332575827836990356e-01,1.987421363592147827e-01,-1.160068631172180176e+00
-1.810896635055541992e+00,-2.018437385559082031e+00,6.327605843544006348e-01,3.769448399543762207e-02,2.001089975237846375e-02,8.608368039131164551e-01,-5.070884227752685547e-01,2.562173902988433838e-01,-7.539562880992889404e-02,-3.210174441337585449e-01,3.909403085708618164e-01,1.505815535783767700e-01,-1.301017105579376221e-01,-4.871203899383544922e-01,-5.386842787265777588e-02,-3.057465255260467529e-01,3.485772609710693359e-01,1.845563352108001709e-01,4.802923277020454407e-02,-4.379875361919403076e-01,-2.200737595558166504e-02,6.243836879730224609e-02,7.827570661902427673e-03,-1.218034982681274414e+00,-1.568783521652221680e-01,-1.411524564027786255e-01,2.084510326385498047e-01,-1.167786478996276855e+00
-1.838272094726562500e+00,-2.040241241455078125e+00,6.333237290382385254e-01,3.739669173955917358e-02,1.797447539865970612e-02,8.727238774299621582e-01,-4.864478111267089844e-01,1.607027798891067505e-01,-8.680214732885360718e-02,-2.406120151281356812e-01,4.995090961456298828e-01,3.496423065662384033e-01,-1.793577820062637329e-01,-4.769992232322692871e-01,-1.359022408723831177e-02,-2.786090970039367676e-01,3.984380960464477539e-01,1.221870332956314087e-01,-1.670483313500881195e-02,-3.794612586498260498e-01,-1.579451747238636017e-02,6.362382322549819946e-02,3.501662239432334900e-02,-1.225264787673950195e+00,-1.756875962018966675e-01,-1.178526356816291809e-01,1.998243629932403564e-01,-1.155238151550292969e+00
-1.865025997161865234e+00,-2.065070867538452148e+00,6.377197504043579102e-01,4.149292781949043274e-02,1.924793235957622528e-02,8.838712573051452637e-01,-4.654884338378906250e-01,7.725278288125991821e-02,-8.892686665058135986e-02,-1.695169657468795776e-01,5.953240394592285156e-01,4.114918410778045654e-01,-2.169327884912490845e-01,-4.289657771587371826e-01,2.227498218417167664e-02,-2.363038063049316406e-01,4.166685342788696289e-01,6.753423064947128296e-02,-1.551883388310670853e-02,-3.095555603504180908e-01,-1.928358152508735657e-02,5.383233726024627686e-02,3.242328390479087830e-02,-1.227332115173339844e+00,-1.734295636415481567e-01,-1.357733607292175293e-01,2.340421825647354126e-01,-1.182219862937927246e+00
-1.889915227890014648e+00,-2.091643333435058594e+00,6.462736725807189941e-01,4.681066423654556274e-02,2.583177573978900909e-02,8.949392437934875488e-01,-4.429732263088226318e-01,-1.162102352827787399e-02,-1.000000014901161194e-01,-1.110165342688560486e-01,6.866776347160339355e-01,3.114876449108123779e-01,-1.816443949937820435e-01,-3.526409268379211426e-01,4.687521606683731079e-02,-1.845870465040206909e-01,4.066823422908782959e-01,1.906478404998779297e-02,-7.639095187187194824e-03,-2.364790439605712891e-01,-3.469064459204673767e-02,3.682544827461242676e-02,2.698953263461589813e-02,-1.192981123924255371e+00,-1.706130355596542358e-01,-1.360254138708114624e-01,2.336164861917495728e-01,-1.176008224487304688e+00
-1.912923336029052734e+00,-2.117695569992065430e+00,6.555075645446777344e-01,4.966802150011062622e-02,3.147400543093681335e-02,9.018936753273010254e-01,-4.279372692108154297e-01,-1.053387895226478577e-01,-1.000000014901161194e-01,-6.409254670143127441e-02,7.392624616622924805e-01,1.973145455121994019e-01,-1.123450621962547302e-01,-2.691358029842376709e-01,5.866273120045661926e-02,-1.432278305292129517e-01,3.759675323963165283e-01,-1.983267255127429962e-02,1.429998548701405525e-03,-1.810370683670043945e-01,-4.192529618740081787e-02,2.882029116153717041e-02,3.379178419709205627e-02,-1.179988741874694824e+00,-1.686552613973617554e-01,-1.384761333465576172e-01,2.276953458786010742e-01,-1.172280073165893555e+00
-1.930485725402832031e+00,-2.141689777374267578e+00,6.636456251144409180e-01,4.541519656777381897e-02,3.904112800955772400e-02,9.084967970848083496e-01,-4.135781228542327881e-01,-2.006000578403472900e-01,-1.000000014901161194e-01,-3.716508159413933754e-03,7.381082773208618164e-01,1.035375893115997314e-01,-4.458703473210334778e-02,-1.993676722049713135e-01,5.079931020736694336e-02,-1.035601943731307983e-01,3.354847133159637451e-01,-4.446249827742576599e-02,2.313980646431446075e-02,-1.240468323230743408e-01,-6.238213181495666504e-02,1.503578107804059982e-02,4.035914316773414612e-02,-1.162718176841735840e+00,-1.759520173072814941e-01,-1.429820805788040161e-01,2.132282555103302002e-01,-1.161882400512695312e+00
-1.950138688087463379e+00,-2.162677288055419922e+00,6.690904498100280762e-01,4.028213769197463989e-02,4.118707776069641113e-02,9.163507223129272461e-01,-3.962099254131317139e-01,-2.759986519813537598e-01,-7.268367707729339600e-02,7.540459930896759033e-02,6.792870759963989258e-01,6.405295431613922119e-02,-2.337231533601880074e-03,-1.412011981010437012e-01,5.157265439629554749e-02,-6.696777790784835815e-02,2.959375083446502686e-01,-6.135101988911628723e-02,3.113816864788532257e-02,-6.804585456848144531e-02,-7.438469678163528442e-02,2.046210318803787231e-02,3.632370010018348694e-02,-1.158417940139770508e+00,-1.854636371135711670e-01,-1.473000347614288330e-01,2.207887470722198486e-01,-1.163165211677551270e+00
-1.972128272056579590e+00,-2.181693553924560547e+00,6.710911393165588379e-01,3.667730465531349182e-02,3.834279999136924744e-02,9.241741299629211426e-01,-3.782682120800018311e-01,-3.341035842895507812e-01,-4.610536992549896240e-02,1.207980811595916748e-01,5.807150602340698242e-01,6.898619234561920166e-02,1.622628979384899139e-02,-8.881817758083343506e-02,6.392198055982589722e-02,-3.076918236911296844e-02,2.639464437961578369e-01,-7.536264508962631226e-02,3.116532228887081146e-02,-1.345049217343330383e-02,-7.999435812234878540e-02,3.964563831686973572e-02,3.080079518258571625e-02,-1.164089083671569824e+00,-1.919115334749221802e-01,-1.369565427303314209e-01,2.223380804061889648e-01,-1.165975809097290039e+00
-1.997864127159118652e+00,-2.202076673507690430e+00,6.697723269462585449e-01,3.705585747957229614e-02,3.484870865941047668e-02,9.343280196189880371e-01,-3.527656495571136475e-01,-3.810656964778900146e-01,-1.650076918303966522e-02,1.608600914478302002e-01,4.821179211139678955e-01,8.185520023107528687e-02,-4.165451973676681519e-03,-2.558956108987331390e-02,8.120228350162506104e-02,2.139152027666568756e-02,2.336654365062713623e-01,-9.924072772264480591e-02,3.517881035804748535e-02,5.597004666924476624e-02,-8.186626434326171875e-02,6.185037642717361450e-02,2.720524743199348450e-02,-1.177789568901062012e+00,-2.016614377498626709e-01,-1.258806586265563965e-01,2.311848551034927368e-01,-1.169261455535888672e+00
-2.025999307632446289e+00,-2.223377227783203125e+00,6.657287478446960449e-01,3.775027394294738770e-02,3.011815436184406281e-02,9.467479586601257324e-01,-3.183332979679107666e-01,-4.125094413757324219e-01,1.328872609883546829e-02,1.665566861629486084e-01,3.762290179729461670e-01,9.499646723270416260e-02,-5.429579690098762512e-02,4.676555469632148743e-02,9.470475465059280396e-02,9.768790751695632935e-02,1.942314058542251587e-01,-1.211277246475219727e-01,1.179281342774629593e-02,1.465958952903747559e-01,-7.708904892206192017e-02,9.384221583604812622e-02,1.607922837138175964e-02,-1.205766558647155762e+00,-2.153816968202590942e-01,-1.289964318275451660e-01,2.463903576135635376e-01,-1.183563113212585449e+00
-2.051559686660766602e+00,-2.245630741119384766e+00,6.602089405059814453e-01,4.064324498176574707e-02,2.709764987230300903e-02,9.561411738395690918e-01,-2.888042330741882324e-01,-4.398678839206695557e-01,4.395729303359985352e-02,1.680505126714706421e-01,2.895943224430084229e-01,7.377721369266510010e-02,-1.038115918636322021e-01,1.232623457908630371e-01,9.336938709020614624e-02,1.617105156183242798e-01,1.574998348951339722e-01,-1.464927345514297485e-01,-4.769558086991310120e-03,2.163362652063369751e-01,-7.968596369028091431e-02,1.077764630317687988e-01,2.545106597244739532e-02,-1.222098231315612793e+00,-2.334364801645278931e-01,-1.215661764144897461e-01,2.539305984973907471e-01,-1.189673304557800293e+00
-2.076730012893676758e+00,-2.267867088317871094e+00,6.535167694091796875e-01,4.354733973741531372e-02,2.314960397779941559e-02,9.602946043014526367e-01,-2.745943069458007812e-01,-4.673388600349426270e-01,7.507039606571197510e-02,1.891503781080245972e-01,2.299386858940124512e-01,2.742455154657363892e-02,-1.439244151115417480e-01,1.949630528688430786e-01,9.025383740663528442e-02,1.941084116697311401e-01,1.288682371377944946e-01,-1.727884113788604736e-01,-1.381450239568948746e-02,2.507258057594299316e-01,-8.788149058818817139e-02,1.224668025970458984e-01,3.044065274298191071e-02,-1.236841917037963867e+00,-2.559871077537536621e-01,-1.100285425782203674e-01,2.640526294708251953e-01,-1.190076828002929688e+00
-2.101932048797607422e+00,-2.292380094528198242e+00,6.464965343475341797e-01,4.586421698331832886e-02,1.984081044793128967e-02,9.628035426139831543e-01,-2.655411660671234131e-01,-4.874522984027862549e-01,9.992949664592742920e-02,2.318599522113800049e-01,2.032051980495452881e-01,3.753383876755833626e-03,-1.490217447280883789e-01,2.542950510978698730e-01,8.423878252506256104e-02,2.060788124799728394e-01,1.259624958038330078e-01,-2.116876393556594849e-01,-2.817321568727493286e-02,2.767591774463653564e-01,-9.864922612905502319e-02,1.249589249491691589e-01,3.571933135390281677e-02,-1.246485233306884766e+00,-2.673434615135192871e-01,-9.808184951543807983e-02,2.692511379718780518e-01,-1.193099498748779297e+00
-2.125970363616943359e+00,-2.318915367126464844e+00,6.387774944305419922e-01,4.942081123590469360e-02,2.239738404750823975e-02,9.652197957038879395e-01,-2.557472884654998779e-01,-4.814210236072540283e-01,1.026659756898880005e-01,2.586177289485931396e-01,2.064000666141510010e-01,-9.854354895651340485e-03,-1.458090394735336304e-01,3.105615675449371338e-01,6.190527230501174927e-02,2.191389054059982300e-01,1.355293393135070801e-01,-2.535540163516998291e-01,-2.486763708293437958e-02,2.904359698295593262e-01,-1.044975444674491882e-01,1.145690008997917175e-01,4.414875060319900513e-02,-1.250312924385070801e+00,-2.797528207302093506e-01,-9.405952692031860352e-02,2.762202620506286621e-01,-1.194052934646606445e+00
-2.152284860610961914e+00,-2.347642421722412109e+00,6.328447461128234863e-01,5.321033298969268799e-02,2.380049973726272583e-02,9.690371751785278320e-01,-2.399356514215469360e-01,-4.637683928012847900e-01,1.063989400863647461e-01,2.708044648170471191e-01,2.378617525100708008e-01,4.100766032934188843e-02,-1.654644608497619629e-01,3.511013984680175781e-01,3.653067350387573242e-02,2.365276068449020386e-01,1.592161208391189575e-01,-2.619192302227020264e-01,1.852539484389126301e-03,3.130022585391998291e-01,-1.038912907242774963e-01,1.064394339919090271e-01,5.664530023932456970e-02,-1.249725937843322754e+00,-2.874619066715240479e-01,-8.266663551330566406e-02,2.767192125320434570e-01,-1.188067436218261719e+00
-2.177341699600219727e+00,-2.374711751937866211e+00,6.304780244827270508e-01,5.168393254280090332e-02,2.095863968133926392e-02,9.735779762268066406e-01,-2.214394509792327881e-01,-4.613668024539947510e-01,1.119828820228576660e-01,2.529165744781494141e-01,2.559567391872406006e-01,1.200926229357719421e-01,-1.556387841701507568e-01,3.492546975612640381e-01,1.769185997545719147e-02,2.569183111190795898e-01,2.009925395250320435e-01,-2.152472436428070068e-01,5.755974724888801575e-02,3.495695292949676514e-01,-1.088064014911651611e-01,1.086977571249008179e-01,6.150041148066520691e-02,-1.247793316841125488e+00,-2.949255704879760742e-01,-6.285481154918670654e-02,2.568701803684234619e-01,-1.173994421958923340e+00
-2.202524900436401367e+00,-2.407634735107421875e+00,6.306226849555969238e-01,5.228859558701515198e-02,2.607852406799793243e-02,9.742693305015563965e-01,-2.176812291145324707e-01,-4.420347213745117188e-01,7.495613396167755127e-02,2.255624085664749146e-01,2.800532877445220947e-01,1.747937351465225220e-01,-1.343747377395629883e-01,3.173840343952178955e-01,-2.898933598771691322e-03,2.556754648685455322e-01,2.948630750179290771e-01,-1.323227435350418091e-01,1.151823103427886963e-01,3.493912518024444580e-01,-1.028191745281219482e-01,9.244705736637115479e-02,6.713445484638214111e-02,-1.237453460693359375e+00,-2.885435819625854492e-01,-6.506803631782531738e-02,2.377515435218811035e-01,-1.155591011047363281e+00
-2.225120544433593750e+00,-2.437819719314575195e+00,6.316479444503784180e-01,4.973475262522697449e-02,2.855974808335304260e-02,9.723222255706787109e-01,-2.264955490827560425e-01,-4.328415989875793457e-01,3.180177882313728333e-02,1.941729336977005005e-01,3.146749138832092285e-01,1.811274290084838867e-01,-7.805857062339782715e-02,2.408447861671447754e-01,-1.004471443593502045e-03,2.358991503715515137e-01,4.217665493488311768e-01,9.149814024567604065e-03,1.518499404191970825e-01,3.150404095649719238e-01,-9.633813053369522095e-02,8.461940288543701172e-02,6.407437473535537720e-02,-1.238656997680664062e+00,-2.820858359336853027e-01,-7.589139789342880249e-02,2.477772235870361328e-01,-1.153278589248657227e+00
-2.245272636413574219e+00,-2.467483043670654297e+00,6.338517665863037109e-01,4.483188688755035400e-02,3.087799437344074249e-02,9.686627984046936035e-01,-2.423408031463623047e-01,-4.255577921867370605e-01,-9.771184995770454407e-03,1.805194467306137085e-01,3.608250319957733154e-01,1.281581521034240723e-01,-1.968730427324771881e-02,1.417421698570251465e-01,5.804703105241060257e-03,2.136567384004592896e-01,5.365782976150512695e-01,2.274463176727294922e-01,1.653783321380615234e-01,2.651265263557434082e-01,-9.493277966976165771e-02,7.298708707094192505e-02,6.481786072254180908e-02,-1.241673469543457031e+00,-2.813144028186798096e-01,-8.394148945808410645e-02,2.310718297958374023e-01,-1.155147075653076172e+00
